date,order_id,customer_id,product,quantity,unit_price,region
2025-05-01,1001,CUST-459,Produto A,1,150.0,Centro-Oeste
2025-05-01,1002,CUST-150,Produto D,2,89.0,Centro-Oeste
2025-05-01,1003,CUST-192,Produto A,2,150.0,Nordeste
2025-05-01,1004,CUST-022,Produto D,2,89.0,Nordeste
2025-05-01,1005,CUST-059,Produto A,1,150.0,Centro-Oeste
2025-05-01,1006,CUST-464,Produto B,1,299.9,Sudeste
2025-05-01,1007,CUST-364,Produto A,1,150.0,Centro-Oeste
2025-05-01,1008,CUST-485,Produto B,1,299.9,Centro-Oeste
2025-05-01,1009,CUST-388,Produto C,1,49.5,Nordeste
2025-05-01,1010,CUST-265,Produto D,1,89.0,Nordeste
2025-05-01,1011,CUST-367,Produto A,1,150.0,Sudeste
2025-05-01,1012,CUST-206,Produto C,2,49.5,Centro-Oeste
2025-05-01,1013,CUST-002,Produto B,1,299.9,Sudeste
2025-05-01,1014,CUST-310,Produto B,1,299.9,Sudeste
2025-05-01,1015,CUST-162,Produto A,3,150.0,Sudeste
2025-05-01,1016,CUST-190,Produto B,4,299.9,Sudeste
2025-05-01,1017,CUST-367,Produto B,1,299.9,Nordeste
2025-05-01,1018,CUST-188,Produto D,1,89.0,Sudeste
2025-05-02,1019,CUST-344,Produto D,1,89.0,Norte
2025-05-02,1020,CUST-499,Produto B,1,299.9,Centro-Oeste
2025-05-02,1021,CUST-379,Produto C,2,49.5,Norte
2025-05-02,1022,CUST-028,Produto A,1,150.0,Norte
2025-05-02,1023,CUST-033,Produto D,2,89.0,Nordeste
2025-05-02,1024,CUST-099,Produto A,1,150.0,Sul
2025-05-02,1025,CUST-449,Produto C,1,49.5,Centro-Oeste
2025-05-02,1026,CUST-257,Produto B,4,299.9,Centro-Oeste
2025-05-02,1027,CUST-393,Produto C,1,49.5,Centro-Oeste
2025-05-02,1028,CUST-461,Produto C,1,49.5,Sudeste
2025-05-02,1029,CUST-052,Produto A,3,150.0,Norte
2025-05-02,1030,CUST-407,Produto B,2,299.9,Sul
2025-05-02,1031,CUST-036,Produto C,1,49.5,Sul
2025-05-02,1032,CUST-086,Produto D,1,89.0,Centro-Oeste
2025-05-02,1033,CUST-134,Produto D,2,89.0,Norte
2025-05-03,1034,CUST-348,Produto B,3,299.9,Nordeste
2025-05-03,1035,CUST-377,Produto B,4,299.9,Norte
2025-05-03,1036,CUST-233,Produto C,1,49.5,Sul
2025-05-03,1037,CUST-137,Produto A,1,150.0,Centro-Oeste
2025-05-03,1038,CUST-172,Produto B,2,299.9,Nordeste
2025-05-03,1039,CUST-180,Produto A,1,150.0,Norte
2025-05-03,1040,CUST-268,Produto B,4,299.9,Sudeste
2025-05-03,1041,CUST-101,Produto A,1,150.0,Norte
2025-05-03,1042,CUST-002,Produto A,1,150.0,Norte
2025-05-03,1043,CUST-224,Produto B,1,299.9,Sul
2025-05-03,1044,CUST-053,Produto D,1,89.0,Nordeste
2025-05-03,1045,CUST-439,Produto B,4,299.9,Sudeste
2025-05-03,1046,CUST-372,Produto C,1,49.5,Sul
2025-05-03,1047,CUST-201,Produto D,1,89.0,Norte
2025-05-04,1048,CUST-420,Produto A,1,150.0,Centro-Oeste
2025-05-04,1049,CUST-148,Produto A,1,150.0,Centro-Oeste
2025-05-04,1050,CUST-424,Produto C,1,49.5,Norte
2025-05-04,1051,CUST-267,Produto B,4,299.9,Norte
2025-05-04,1052,CUST-099,Produto B,1,299.9,Nordeste
2025-05-04,1053,CUST-060,Produto A,1,150.0,Norte
2025-05-04,1054,CUST-453,Produto A,4,150.0,Sudeste
2025-05-04,1055,CUST-233,Produto D,2,89.0,Norte
2025-05-04,1056,CUST-404,Produto B,2,299.9,Centro-Oeste
2025-05-04,1057,CUST-075,Produto D,2,89.0,Sudeste
2025-05-04,1058,CUST-254,Produto D,2,89.0,Sudeste
2025-05-04,1059,CUST-153,Produto A,1,150.0,Centro-Oeste
2025-05-04,1060,CUST-194,Produto A,1,150.0,Nordeste
2025-05-05,1061,CUST-398,Produto A,2,150.0,Norte
2025-05-05,1062,CUST-401,Produto B,2,299.9,Centro-Oeste
2025-05-05,1063,CUST-371,Produto A,1,150.0,Centro-Oeste
2025-05-05,1064,CUST-051,Produto C,1,49.5,Sul
2025-05-05,1065,CUST-277,Produto D,2,89.0,Nordeste
2025-05-05,1066,CUST-453,Produto B,1,299.9,Norte
2025-05-05,1067,CUST-035,Produto A,1,150.0,Sudeste
2025-05-05,1068,CUST-220,Produto C,1,49.5,Sudeste
2025-05-05,1069,CUST-380,Produto B,1,299.9,Centro-Oeste
2025-05-05,1070,CUST-302,Produto A,4,150.0,Norte
2025-05-05,1071,CUST-116,Produto D,4,89.0,Norte
2025-05-05,1072,CUST-256,Produto A,1,150.0,Norte
2025-05-05,1073,CUST-223,Produto B,1,299.9,Nordeste
2025-05-05,1074,CUST-288,Produto D,4,89.0,Nordeste
2025-05-05,1075,CUST-490,Produto C,1,49.5,Centro-Oeste
2025-05-05,1076,CUST-393,Produto D,2,89.0,Norte
2025-05-05,1077,CUST-170,Produto C,1,49.5,Sul
2025-05-06,1078,CUST-371,Produto C,2,49.5,Sudeste
2025-05-06,1079,CUST-288,Produto B,1,299.9,Nordeste
2025-05-06,1080,CUST-186,Produto C,1,49.5,Norte
2025-05-06,1081,CUST-058,Produto B,1,299.9,Nordeste
2025-05-06,1082,CUST-444,Produto A,1,150.0,Centro-Oeste
2025-05-06,1083,CUST-492,Produto B,3,299.9,Sudeste
2025-05-06,1084,CUST-480,Produto D,1,89.0,Sul
2025-05-06,1085,CUST-144,Produto B,1,299.9,Sudeste
2025-05-06,1086,CUST-145,Produto D,1,89.0,Centro-Oeste
2025-05-06,1087,CUST-439,Produto B,1,299.9,Nordeste
2025-05-06,1088,CUST-396,Produto A,1,150.0,Norte
2025-05-06,1089,CUST-239,Produto B,1,299.9,Norte
2025-05-06,1090,CUST-488,Produto A,1,150.0,Norte
2025-05-06,1091,CUST-487,Produto D,2,89.0,Sul
2025-05-06,1092,CUST-247,Produto C,1,49.5,Sul
2025-05-07,1093,CUST-094,Produto B,1,299.9,Norte
2025-05-07,1094,CUST-400,Produto D,2,89.0,Sudeste
2025-05-07,1095,CUST-289,Produto A,1,150.0,Sudeste
2025-05-07,1096,CUST-010,Produto B,2,299.9,Nordeste
2025-05-07,1097,CUST-223,Produto D,3,89.0,Sudeste
2025-05-07,1098,CUST-325,Produto A,4,150.0,Norte
2025-05-07,1099,CUST-497,Produto C,2,49.5,Nordeste
2025-05-07,1100,CUST-152,Produto D,2,89.0,Sudeste
2025-05-07,1101,CUST-417,Produto C,1,49.5,Norte
2025-05-07,1102,CUST-323,Produto D,3,89.0,Sudeste
2025-05-08,1103,CUST-095,Produto A,1,150.0,Sudeste
2025-05-08,1104,CUST-035,Produto B,1,299.9,Nordeste
2025-05-08,1105,CUST-410,Produto B,2,299.9,Sul
2025-05-08,1106,CUST-105,Produto C,1,49.5,Centro-Oeste
2025-05-08,1107,CUST-493,Produto B,2,299.9,Nordeste
2025-05-08,1108,CUST-277,Produto D,1,89.0,Norte
2025-05-08,1109,CUST-457,Produto D,1,89.0,Sul
2025-05-08,1110,CUST-496,Produto B,1,299.9,Centro-Oeste
2025-05-08,1111,CUST-268,Produto A,1,150.0,Sul
2025-05-08,1112,CUST-355,Produto B,2,299.9,Norte
2025-05-08,1113,CUST-368,Produto A,4,150.0,Sudeste
2025-05-08,1114,CUST-177,Produto B,1,299.9,Centro-Oeste
2025-05-08,1115,CUST-076,Produto A,4,150.0,Centro-Oeste
2025-05-08,1116,CUST-339,Produto B,4,299.9,Sudeste
2025-05-08,1117,CUST-099,Produto B,1,299.9,Sul
2025-05-08,1118,CUST-484,Produto C,1,49.5,Sul
2025-05-08,1119,CUST-181,Produto D,2,89.0,Sul
2025-05-08,1120,CUST-133,Produto B,1,299.9,Nordeste
2025-05-08,1121,CUST-146,Produto C,1,49.5,Centro-Oeste
2025-05-09,1122,CUST-122,Produto A,1,150.0,Centro-Oeste
2025-05-09,1123,CUST-136,Produto A,1,150.0,Centro-Oeste
2025-05-09,1124,CUST-145,Produto B,1,299.9,Sudeste
2025-05-09,1125,CUST-292,Produto D,4,89.0,Sudeste
2025-05-09,1126,CUST-364,Produto B,1,299.9,Sul
2025-05-09,1127,CUST-019,Produto B,1,299.9,Nordeste
2025-05-09,1128,CUST-242,Produto A,1,150.0,Sul
2025-05-09,1129,CUST-456,Produto B,1,299.9,Sudeste
2025-05-09,1130,CUST-387,Produto A,2,150.0,Norte
2025-05-09,1131,CUST-369,Produto C,4,49.5,Sudeste
2025-05-09,1132,CUST-134,Produto A,1,150.0,Sul
2025-05-09,1133,CUST-317,Produto D,4,89.0,Sul
2025-05-09,1134,CUST-203,Produto B,1,299.9,Sul
2025-05-09,1135,CUST-020,Produto D,1,89.0,Centro-Oeste
2025-05-09,1136,CUST-014,Produto A,1,150.0,Norte
2025-05-09,1137,CUST-144,Produto A,4,150.0,Centro-Oeste
2025-05-09,1138,CUST-224,Produto C,4,49.5,Nordeste
2025-05-09,1139,CUST-373,Produto A,1,150.0,Sudeste
2025-05-09,1140,CUST-136,Produto A,1,150.0,Nordeste
2025-05-10,1141,CUST-447,Produto A,4,150.0,Centro-Oeste
2025-05-10,1142,CUST-461,Produto B,1,299.9,Sudeste
2025-05-10,1143,CUST-253,Produto C,1,49.5,Centro-Oeste
2025-05-10,1144,CUST-303,Produto D,1,89.0,Sul
2025-05-10,1145,CUST-251,Produto D,1,89.0,Nordeste
2025-05-10,1146,CUST-374,Produto A,1,150.0,Norte
2025-05-10,1147,CUST-267,Produto D,4,89.0,Norte
2025-05-10,1148,CUST-283,Produto C,1,49.5,Centro-Oeste
2025-05-10,1149,CUST-099,Produto B,1,299.9,Norte
2025-05-10,1150,CUST-465,Produto A,1,150.0,Sudeste
2025-05-10,1151,CUST-437,Produto B,2,299.9,Centro-Oeste
2025-05-10,1152,CUST-458,Produto C,2,49.5,Nordeste
2025-05-10,1153,CUST-366,Produto B,1,299.9,Norte
2025-05-11,1154,CUST-348,Produto A,3,150.0,Nordeste
2025-05-11,1155,CUST-162,Produto A,1,150.0,Nordeste
2025-05-11,1156,CUST-268,Produto B,3,299.9,Nordeste
2025-05-11,1157,CUST-313,Produto D,4,89.0,Centro-Oeste
2025-05-11,1158,CUST-341,Produto C,1,49.5,Sul
2025-05-11,1159,CUST-226,Produto C,3,49.5,Sudeste
2025-05-11,1160,CUST-435,Produto B,1,299.9,Centro-Oeste
2025-05-11,1161,CUST-472,Produto D,1,89.0,Norte
2025-05-11,1162,CUST-051,Produto D,1,89.0,Nordeste
2025-05-11,1163,CUST-184,Produto C,2,49.5,Nordeste
2025-05-11,1164,CUST-472,Produto D,2,89.0,Sudeste
2025-05-11,1165,CUST-205,Produto A,2,150.0,Nordeste
2025-05-12,1166,CUST-374,Produto B,1,299.9,Centro-Oeste
2025-05-12,1167,CUST-184,Produto C,1,49.5,Sudeste
2025-05-12,1168,CUST-093,Produto B,3,299.9,Centro-Oeste
2025-05-12,1169,CUST-403,Produto D,2,89.0,Centro-Oeste
2025-05-12,1170,CUST-317,Produto D,1,89.0,Nordeste
2025-05-12,1171,CUST-233,Produto A,1,150.0,Sul
2025-05-12,1172,CUST-078,Produto B,3,299.9,Norte
2025-05-12,1173,CUST-249,Produto B,1,299.9,Nordeste
2025-05-12,1174,CUST-319,Produto B,2,299.9,Centro-Oeste
2025-05-12,1175,CUST-257,Produto B,1,299.9,Sudeste
2025-05-12,1176,CUST-207,Produto A,1,150.0,Sudeste
2025-05-13,1177,CUST-365,Produto A,2,150.0,Nordeste
2025-05-13,1178,CUST-007,Produto A,1,150.0,Centro-Oeste
2025-05-13,1179,CUST-239,Produto C,3,49.5,Centro-Oeste
2025-05-13,1180,CUST-371,Produto A,3,150.0,Centro-Oeste
2025-05-13,1181,CUST-028,Produto A,1,150.0,Sul
2025-05-13,1182,CUST-126,Produto A,1,150.0,Nordeste
2025-05-13,1183,CUST-025,Produto A,3,150.0,Sudeste
2025-05-13,1184,CUST-146,Produto C,2,49.5,Sul
2025-05-13,1185,CUST-111,Produto A,1,150.0,Nordeste
2025-05-13,1186,CUST-042,Produto C,1,49.5,Centro-Oeste
2025-05-13,1187,CUST-320,Produto A,1,150.0,Nordeste
2025-05-13,1188,CUST-454,Produto C,1,49.5,Sul
2025-05-13,1189,CUST-198,Produto C,1,49.5,Sul
2025-05-13,1190,CUST-446,Produto B,1,299.9,Centro-Oeste
2025-05-13,1191,CUST-247,Produto A,1,150.0,Norte
2025-05-14,1192,CUST-468,Produto C,4,49.5,Nordeste
2025-05-14,1193,CUST-094,Produto D,3,89.0,Norte
2025-05-14,1194,CUST-194,Produto A,2,150.0,Norte
2025-05-14,1195,CUST-173,Produto B,1,299.9,Centro-Oeste
2025-05-14,1196,CUST-275,Produto C,1,49.5,Sudeste
2025-05-14,1197,CUST-047,Produto A,2,150.0,Sudeste
2025-05-14,1198,CUST-382,Produto C,2,49.5,Sul
2025-05-15,1199,CUST-010,Produto B,1,299.9,Nordeste
2025-05-15,1200,CUST-013,Produto B,1,299.9,Nordeste
2025-05-15,1201,CUST-329,Produto C,1,49.5,Sul
2025-05-15,1202,CUST-094,Produto C,1,49.5,Centro-Oeste
2025-05-15,1203,CUST-236,Produto A,3,150.0,Sudeste
2025-05-15,1204,CUST-137,Produto B,4,299.9,Centro-Oeste
2025-05-15,1205,CUST-296,Produto A,1,150.0,Norte
2025-05-15,1206,CUST-328,Produto C,1,49.5,Sul
2025-05-15,1207,CUST-286,Produto D,2,89.0,Sudeste
2025-05-15,1208,CUST-379,Produto D,1,89.0,Centro-Oeste
2025-05-16,1209,CUST-125,Produto C,1,49.5,Centro-Oeste
2025-05-16,1210,CUST-153,Produto A,2,150.0,Norte
2025-05-16,1211,CUST-462,Produto B,1,299.9,Nordeste
2025-05-16,1212,CUST-198,Produto A,1,150.0,Centro-Oeste
2025-05-16,1213,CUST-448,Produto D,2,89.0,Nordeste
2025-05-16,1214,CUST-478,Produto A,3,150.0,Norte
2025-05-16,1215,CUST-097,Produto D,2,89.0,Norte
2025-05-16,1216,CUST-254,Produto C,2,49.5,Norte
2025-05-16,1217,CUST-123,Produto A,2,150.0,Sul
2025-05-16,1218,CUST-159,Produto C,1,49.5,Sul
2025-05-16,1219,CUST-184,Produto B,1,299.9,Sudeste
2025-05-16,1220,CUST-047,Produto B,1,299.9,Sul
2025-05-16,1221,CUST-095,Produto B,2,299.9,Centro-Oeste
2025-05-17,1222,CUST-011,Produto C,1,49.5,Sudeste
2025-05-17,1223,CUST-302,Produto D,1,89.0,Nordeste
2025-05-17,1224,CUST-473,Produto C,4,49.5,Nordeste
2025-05-17,1225,CUST-460,Produto A,2,150.0,Centro-Oeste
2025-05-17,1226,CUST-376,Produto A,4,150.0,Sul
2025-05-17,1227,CUST-092,Produto A,2,150.0,Norte
2025-05-17,1228,CUST-029,Produto B,1,299.9,Centro-Oeste
2025-05-17,1229,CUST-407,Produto A,3,150.0,Centro-Oeste
2025-05-17,1230,CUST-110,Produto A,1,150.0,Nordeste
2025-05-17,1231,CUST-319,Produto A,3,150.0,Norte
2025-05-17,1232,CUST-431,Produto A,1,150.0,Sul
2025-05-17,1233,CUST-313,Produto A,1,150.0,Sudeste
2025-05-17,1234,CUST-025,Produto A,1,150.0,Sudeste
2025-05-17,1235,CUST-475,Produto D,4,89.0,Nordeste
2025-05-17,1236,CUST-443,Produto C,1,49.5,Centro-Oeste
2025-05-17,1237,CUST-455,Produto B,1,299.9,Norte
2025-05-18,1238,CUST-150,Produto A,2,150.0,Centro-Oeste
2025-05-18,1239,CUST-455,Produto A,1,150.0,Norte
2025-05-18,1240,CUST-118,Produto D,1,89.0,Sudeste
2025-05-18,1241,CUST-327,Produto D,1,89.0,Norte
2025-05-18,1242,CUST-379,Produto C,1,49.5,Centro-Oeste
2025-05-18,1243,CUST-305,Produto C,1,49.5,Sul
2025-05-18,1244,CUST-018,Produto A,1,150.0,Centro-Oeste
2025-05-18,1245,CUST-194,Produto A,2,150.0,Nordeste
2025-05-18,1246,CUST-319,Produto B,1,299.9,Centro-Oeste
2025-05-18,1247,CUST-288,Produto A,1,150.0,Centro-Oeste
2025-05-18,1248,CUST-380,Produto A,3,150.0,Nordeste
2025-05-19,1249,CUST-328,Produto A,1,150.0,Sul
2025-05-19,1250,CUST-051,Produto A,2,150.0,Centro-Oeste
2025-05-19,1251,CUST-291,Produto C,1,49.5,Nordeste
2025-05-19,1252,CUST-400,Produto A,2,150.0,Centro-Oeste
2025-05-19,1253,CUST-398,Produto B,2,299.9,Sul
2025-05-19,1254,CUST-263,Produto A,3,150.0,Nordeste
2025-05-19,1255,CUST-403,Produto C,3,49.5,Sul
2025-05-19,1256,CUST-385,Produto C,1,49.5,Nordeste
2025-05-19,1257,CUST-386,Produto D,1,89.0,Nordeste
2025-05-19,1258,CUST-261,Produto B,1,299.9,Sudeste
2025-05-19,1259,CUST-226,Produto B,2,299.9,Norte
2025-05-19,1260,CUST-342,Produto D,1,89.0,Nordeste
2025-05-19,1261,CUST-494,Produto C,1,49.5,Centro-Oeste
2025-05-19,1262,CUST-115,Produto B,1,299.9,Nordeste
2025-05-20,1263,CUST-246,Produto C,1,49.5,Norte
2025-05-20,1264,CUST-442,Produto C,1,49.5,Nordeste
2025-05-20,1265,CUST-075,Produto D,2,89.0,Sul
2025-05-20,1266,CUST-356,Produto D,1,89.0,Nordeste
2025-05-20,1267,CUST-153,Produto B,1,299.9,Sul
2025-05-20,1268,CUST-362,Produto B,2,299.9,Sul
2025-05-20,1269,CUST-168,Produto A,1,150.0,Centro-Oeste
2025-05-20,1270,CUST-455,Produto A,2,150.0,Sul
2025-05-20,1271,CUST-476,Produto C,3,49.5,Sul
2025-05-20,1272,CUST-310,Produto C,1,49.5,Nordeste
2025-05-20,1273,CUST-371,Produto C,1,49.5,Sudeste
2025-05-20,1274,CUST-164,Produto A,1,150.0,Centro-Oeste
2025-05-20,1275,CUST-310,Produto C,1,49.5,Centro-Oeste
2025-05-20,1276,CUST-312,Produto B,2,299.9,Sul
2025-05-20,1277,CUST-467,Produto A,1,150.0,Sudeste
2025-05-21,1278,CUST-201,Produto B,1,299.9,Nordeste
2025-05-21,1279,CUST-296,Produto C,1,49.5,Norte
2025-05-21,1280,CUST-104,Produto C,1,49.5,Centro-Oeste
2025-05-21,1281,CUST-498,Produto B,1,299.9,Centro-Oeste
2025-05-21,1282,CUST-012,Produto C,2,49.5,Nordeste
2025-05-21,1283,CUST-305,Produto B,1,299.9,Centro-Oeste
2025-05-21,1284,CUST-303,Produto A,4,150.0,Norte
2025-05-21,1285,CUST-264,Produto A,4,150.0,Centro-Oeste
2025-05-21,1286,CUST-374,Produto C,2,49.5,Sul
2025-05-21,1287,CUST-089,Produto C,4,49.5,Nordeste
2025-05-21,1288,CUST-365,Produto C,2,49.5,Norte
2025-05-21,1289,CUST-407,Produto C,1,49.5,Norte
2025-05-21,1290,CUST-007,Produto B,1,299.9,Sul
2025-05-21,1291,CUST-315,Produto A,4,150.0,Nordeste
2025-05-21,1292,CUST-423,Produto D,1,89.0,Sudeste
2025-05-21,1293,CUST-014,Produto B,1,299.9,Norte
2025-05-22,1294,CUST-171,Produto A,1,150.0,Sul
2025-05-22,1295,CUST-039,Produto B,2,299.9,Sudeste
2025-05-22,1296,CUST-470,Produto A,1,150.0,Sul
2025-05-22,1297,CUST-426,Produto A,2,150.0,Sul
2025-05-22,1298,CUST-170,Produto D,1,89.0,Centro-Oeste
2025-05-22,1299,CUST-141,Produto D,1,89.0,Sul
2025-05-22,1300,CUST-039,Produto B,4,299.9,Centro-Oeste
2025-05-22,1301,CUST-477,Produto A,1,150.0,Norte
2025-05-22,1302,CUST-239,Produto A,1,150.0,Sudeste
2025-05-22,1303,CUST-389,Produto B,1,299.9,Sudeste
2025-05-22,1304,CUST-142,Produto C,1,49.5,Sul
2025-05-22,1305,CUST-446,Produto A,3,150.0,Nordeste
2025-05-22,1306,CUST-494,Produto C,1,49.5,Sul
2025-05-22,1307,CUST-344,Produto A,1,150.0,Norte
2025-05-22,1308,CUST-061,Produto A,4,150.0,Sul
2025-05-22,1309,CUST-062,Produto A,1,150.0,Centro-Oeste
2025-05-23,1310,CUST-349,Produto D,1,89.0,Sudeste
2025-05-23,1311,CUST-366,Produto C,2,49.5,Sul
2025-05-23,1312,CUST-425,Produto A,1,150.0,Nordeste
2025-05-23,1313,CUST-261,Produto A,2,150.0,Sul
2025-05-23,1314,CUST-099,Produto C,1,49.5,Norte
2025-05-23,1315,CUST-490,Produto C,1,49.5,Centro-Oeste
2025-05-23,1316,CUST-216,Produto B,1,299.9,Norte
2025-05-23,1317,CUST-120,Produto D,1,89.0,Sul
2025-05-23,1318,CUST-398,Produto C,1,49.5,Sudeste
2025-05-23,1319,CUST-123,Produto D,1,89.0,Centro-Oeste
2025-05-23,1320,CUST-226,Produto A,3,150.0,Norte
2025-05-23,1321,CUST-261,Produto D,3,89.0,Norte
2025-05-23,1322,CUST-463,Produto C,1,49.5,Sudeste
2025-05-23,1323,CUST-402,Produto A,2,150.0,Nordeste
2025-05-23,1324,CUST-284,Produto A,1,150.0,Sul
2025-05-23,1325,CUST-224,Produto A,3,150.0,Sul
2025-05-24,1326,CUST-461,Produto C,2,49.5,Centro-Oeste
2025-05-24,1327,CUST-336,Produto A,3,150.0,Centro-Oeste
2025-05-24,1328,CUST-304,Produto C,3,49.5,Centro-Oeste
2025-05-24,1329,CUST-181,Produto C,3,49.5,Norte
2025-05-24,1330,CUST-007,Produto C,2,49.5,Sudeste
2025-05-24,1331,CUST-499,Produto D,4,89.0,Norte
2025-05-24,1332,CUST-437,Produto D,1,89.0,Centro-Oeste
2025-05-24,1333,CUST-258,Produto C,1,49.5,Sudeste
2025-05-24,1334,CUST-224,Produto D,1,89.0,Nordeste
2025-05-24,1335,CUST-017,Produto A,1,150.0,Norte
2025-05-24,1336,CUST-163,Produto A,1,150.0,Sul
2025-05-24,1337,CUST-233,Produto A,1,150.0,Nordeste
2025-05-24,1338,CUST-335,Produto D,1,89.0,Sudeste
2025-05-24,1339,CUST-404,Produto D,1,89.0,Sudeste
2025-05-24,1340,CUST-192,Produto C,1,49.5,Centro-Oeste
2025-05-25,1341,CUST-120,Produto C,1,49.5,Nordeste
2025-05-25,1342,CUST-204,Produto A,3,150.0,Sul
2025-05-25,1343,CUST-460,Produto C,1,49.5,Sul
2025-05-25,1344,CUST-459,Produto A,1,150.0,Centro-Oeste
2025-05-25,1345,CUST-285,Produto C,1,49.5,Nordeste
2025-05-25,1346,CUST-039,Produto D,1,89.0,Norte
2025-05-25,1347,CUST-372,Produto B,3,299.9,Centro-Oeste
2025-05-25,1348,CUST-022,Produto D,2,89.0,Sudeste
2025-05-25,1349,CUST-440,Produto A,3,150.0,Sudeste
2025-05-25,1350,CUST-443,Produto B,4,299.9,Sul
2025-05-25,1351,CUST-387,Produto D,2,89.0,Sul
2025-05-25,1352,CUST-445,Produto A,1,150.0,Nordeste
2025-05-25,1353,CUST-274,Produto A,3,150.0,Sudeste
2025-05-25,1354,CUST-430,Produto D,1,89.0,Sudeste
2025-05-25,1355,CUST-174,Produto A,1,150.0,Centro-Oeste
2025-05-25,1356,CUST-448,Produto B,1,299.9,Sul
2025-05-25,1357,CUST-387,Produto A,4,150.0,Nordeste
2025-05-26,1358,CUST-340,Produto A,1,150.0,Sudeste
2025-05-26,1359,CUST-444,Produto B,1,299.9,Norte
2025-05-26,1360,CUST-386,Produto A,1,150.0,Sul
2025-05-26,1361,CUST-209,Produto C,1,49.5,Sul
2025-05-26,1362,CUST-366,Produto A,1,150.0,Nordeste
2025-05-26,1363,CUST-301,Produto D,2,89.0,Centro-Oeste
2025-05-26,1364,CUST-392,Produto C,4,49.5,Norte
2025-05-26,1365,CUST-401,Produto C,2,49.5,Norte
2025-05-26,1366,CUST-148,Produto A,1,150.0,Sudeste
2025-05-26,1367,CUST-353,Produto B,2,299.9,Nordeste
2025-05-26,1368,CUST-414,Produto B,1,299.9,Sul
2025-05-27,1369,CUST-174,Produto B,1,299.9,Nordeste
2025-05-27,1370,CUST-375,Produto C,3,49.5,Nordeste
2025-05-27,1371,CUST-451,Produto C,4,49.5,Sul
2025-05-27,1372,CUST-359,Produto D,1,89.0,Norte
2025-05-28,1373,CUST-318,Produto D,4,89.0,Sudeste
2025-05-28,1374,CUST-084,Produto C,2,49.5,Centro-Oeste
2025-05-28,1375,CUST-383,Produto B,1,299.9,Nordeste
2025-05-28,1376,CUST-014,Produto C,1,49.5,Nordeste
2025-05-28,1377,CUST-397,Produto A,1,150.0,Sudeste
2025-05-28,1378,CUST-055,Produto B,2,299.9,Centro-Oeste
2025-05-28,1379,CUST-119,Produto B,2,299.9,Sul
2025-05-28,1380,CUST-082,Produto B,1,299.9,Sudeste
2025-05-28,1381,CUST-352,Produto A,2,150.0,Sul
2025-05-28,1382,CUST-202,Produto B,1,299.9,Sudeste
2025-05-28,1383,CUST-391,Produto B,1,299.9,Norte
2025-05-28,1384,CUST-445,Produto B,3,299.9,Nordeste
2025-05-28,1385,CUST-364,Produto D,2,89.0,Sudeste
2025-05-28,1386,CUST-177,Produto C,1,49.5,Nordeste
2025-05-28,1387,CUST-117,Produto B,1,299.9,Nordeste
2025-05-28,1388,CUST-420,Produto B,2,299.9,Nordeste
2025-05-29,1389,CUST-131,Produto C,4,49.5,Sudeste
2025-05-29,1390,CUST-355,Produto C,2,49.5,Norte
2025-05-29,1391,CUST-428,Produto C,1,49.5,Nordeste
2025-05-29,1392,CUST-325,Produto B,1,299.9,Sul
2025-05-29,1393,CUST-381,Produto A,1,150.0,Sudeste
2025-05-29,1394,CUST-084,Produto B,1,299.9,Norte
2025-05-29,1395,CUST-345,Produto C,1,49.5,Centro-Oeste
2025-05-29,1396,CUST-261,Produto D,1,89.0,Sul
2025-05-29,1397,CUST-301,Produto B,2,299.9,Sudeste
2025-05-29,1398,CUST-195,Produto A,1,150.0,Nordeste
2025-05-29,1399,CUST-266,Produto B,1,299.9,Sul
2025-05-29,1400,CUST-276,Produto C,1,49.5,Sul
2025-05-29,1401,CUST-064,Produto C,4,49.5,Norte
2025-05-29,1402,CUST-421,Produto B,1,299.9,Centro-Oeste
2025-05-30,1403,CUST-367,Produto C,2,49.5,Sudeste
2025-05-30,1404,CUST-404,Produto D,1,89.0,Sul
2025-05-30,1405,CUST-020,Produto A,1,150.0,Sul
2025-05-30,1406,CUST-198,Produto A,2,150.0,Centro-Oeste
2025-05-30,1407,CUST-497,Produto A,1,150.0,Norte
2025-05-30,1408,CUST-181,Produto C,2,49.5,Sudeste
2025-05-30,1409,CUST-217,Produto B,2,299.9,Nordeste
2025-05-30,1410,CUST-178,Produto C,3,49.5,Centro-Oeste
2025-05-30,1411,CUST-308,Produto B,1,299.9,Sul
2025-05-30,1412,CUST-341,Produto C,1,49.5,Nordeste
2025-05-30,1413,CUST-495,Produto A,2,150.0,Sul
2025-05-30,1414,CUST-427,Produto A,2,150.0,Nordeste
2025-05-30,1415,CUST-026,Produto C,1,49.5,Norte
2025-05-31,1416,CUST-289,Produto A,4,150.0,Sudeste
2025-05-31,1417,CUST-304,Produto C,4,49.5,Sul
2025-05-31,1418,CUST-450,Produto C,1,49.5,Sudeste
2025-05-31,1419,CUST-161,Produto D,1,89.0,Norte
2025-05-31,1420,CUST-245,Produto B,3,299.9,Norte
2025-05-31,1421,CUST-098,Produto B,2,299.9,Sudeste
2025-05-31,1422,CUST-454,Produto B,1,299.9,Centro-Oeste
2025-05-31,1423,CUST-365,Produto D,3,89.0,Centro-Oeste
2025-05-31,1424,CUST-213,Produto D,1,89.0,Norte
2025-05-31,1425,CUST-403,Produto B,1,299.9,Sul
2025-05-31,1426,CUST-224,Produto B,1,299.9,Norte
2025-05-31,1427,CUST-267,Produto B,1,299.9,Nordeste
2025-05-31,1428,CUST-450,Produto C,2,49.5,Nordeste
2025-05-31,1429,CUST-328,Produto B,1,299.9,Nordeste
2025-05-31,1430,CUST-221,Produto B,1,299.9,Sul
2025-05-31,1431,CUST-304,Produto B,1,299.9,Nordeste
2025-05-31,1432,CUST-432,Produto C,1,49.5,Centro-Oeste
2025-05-31,1433,CUST-379,Produto B,2,299.9,Sudeste
2025-05-31,1434,CUST-336,Produto B,3,299.9,Centro-Oeste
2025-05-31,1435,CUST-292,Produto C,3,49.5,Norte
2025-06-01,1436,CUST-334,Produto D,1,89.0,Nordeste
2025-06-01,1437,CUST-494,Produto B,1,299.9,Sudeste
2025-06-01,1438,CUST-136,Produto A,3,150.0,Centro-Oeste
2025-06-01,1439,CUST-002,Produto A,2,150.0,Nordeste
2025-06-01,1440,CUST-350,Produto A,1,150.0,Norte
2025-06-01,1441,CUST-039,Produto A,2,150.0,Nordeste
2025-06-01,1442,CUST-426,Produto B,2,299.9,Norte
2025-06-01,1443,CUST-452,Produto A,4,150.0,Sudeste
2025-06-01,1444,CUST-376,Produto A,3,150.0,Sudeste
2025-06-01,1445,CUST-375,Produto B,1,299.9,Sul
2025-06-01,1446,CUST-393,Produto C,1,49.5,Sudeste
2025-06-01,1447,CUST-121,Produto C,2,49.5,Nordeste
2025-06-01,1448,CUST-154,Produto D,4,89.0,Norte
2025-06-01,1449,CUST-100,Produto A,1,150.0,Centro-Oeste
2025-06-01,1450,CUST-403,Produto B,2,299.9,Nordeste
2025-06-01,1451,CUST-069,Produto C,1,49.5,Nordeste
2025-06-01,1452,CUST-161,Produto A,2,150.0,Nordeste
2025-06-01,1453,CUST-143,Produto A,1,150.0,Sul
2025-06-01,1454,CUST-138,Produto A,1,150.0,Centro-Oeste
2025-06-01,1455,CUST-254,Produto A,2,150.0,Norte
2025-06-01,1456,CUST-146,Produto A,1,150.0,Sul
2025-06-01,1457,CUST-241,Produto B,1,299.9,Norte
2025-06-02,1458,CUST-494,Produto B,4,299.9,Sul
2025-06-02,1459,CUST-387,Produto A,2,150.0,Sudeste
2025-06-02,1460,CUST-487,Produto B,1,299.9,Norte
2025-06-02,1461,CUST-444,Produto A,1,150.0,Nordeste
2025-06-02,1462,CUST-264,Produto D,1,89.0,Sul
2025-06-02,1463,CUST-381,Produto D,2,89.0,Sudeste
2025-06-02,1464,CUST-215,Produto B,1,299.9,Nordeste
2025-06-02,1465,CUST-354,Produto B,1,299.9,Centro-Oeste
2025-06-02,1466,CUST-442,Produto B,1,299.9,Sudeste
2025-06-02,1467,CUST-311,Produto D,1,89.0,Norte
2025-06-02,1468,CUST-055,Produto B,1,299.9,Norte
2025-06-02,1469,CUST-136,Produto C,1,49.5,Sudeste
2025-06-02,1470,CUST-279,Produto C,4,49.5,Sul
2025-06-02,1471,CUST-468,Produto B,1,299.9,Sul
2025-06-02,1472,CUST-286,Produto D,1,89.0,Norte
2025-06-02,1473,CUST-456,Produto B,2,299.9,Nordeste
2025-06-02,1474,CUST-038,Produto C,1,49.5,Sudeste
2025-06-02,1475,CUST-481,Produto A,1,150.0,Sudeste
2025-06-02,1476,CUST-341,Produto A,1,150.0,Norte
2025-06-03,1477,CUST-196,Produto B,3,299.9,Nordeste
2025-06-03,1478,CUST-143,Produto D,1,89.0,Centro-Oeste
2025-06-03,1479,CUST-012,Produto D,3,89.0,Nordeste
2025-06-03,1480,CUST-429,Produto D,1,89.0,Nordeste
2025-06-03,1481,CUST-336,Produto B,3,299.9,Centro-Oeste
2025-06-03,1482,CUST-163,Produto A,3,150.0,Sul
2025-06-03,1483,CUST-206,Produto A,2,150.0,Nordeste
2025-06-03,1484,CUST-450,Produto D,2,89.0,Norte
2025-06-03,1485,CUST-095,Produto A,3,150.0,Sudeste
2025-06-03,1486,CUST-436,Produto B,2,299.9,Sul
2025-06-03,1487,CUST-141,Produto B,1,299.9,Norte
2025-06-03,1488,CUST-452,Produto B,1,299.9,Nordeste
2025-06-03,1489,CUST-012,Produto A,4,150.0,Sudeste
2025-06-04,1490,CUST-043,Produto B,1,299.9,Sul
2025-06-04,1491,CUST-287,Produto C,2,49.5,Centro-Oeste
2025-06-04,1492,CUST-345,Produto A,2,150.0,Nordeste
2025-06-04,1493,CUST-415,Produto A,4,150.0,Sul
2025-06-04,1494,CUST-393,Produto C,4,49.5,Centro-Oeste
2025-06-04,1495,CUST-263,Produto A,1,150.0,Centro-Oeste
2025-06-04,1496,CUST-260,Produto C,1,49.5,Sudeste
2025-06-04,1497,CUST-308,Produto D,3,89.0,Sudeste
2025-06-04,1498,CUST-063,Produto A,2,150.0,Nordeste
2025-06-04,1499,CUST-483,Produto C,1,49.5,Sul
2025-06-04,1500,CUST-086,Produto B,1,299.9,Sul
2025-06-04,1501,CUST-405,Produto D,1,89.0,Centro-Oeste
2025-06-04,1502,CUST-471,Produto A,1,150.0,Nordeste
2025-06-05,1503,CUST-493,Produto A,1,150.0,Nordeste
2025-06-05,1504,CUST-160,Produto D,3,89.0,Sul
2025-06-05,1505,CUST-395,Produto B,1,299.9,Sudeste
2025-06-05,1506,CUST-282,Produto B,3,299.9,Sul
2025-06-05,1507,CUST-082,Produto A,3,150.0,Sudeste
2025-06-05,1508,CUST-413,Produto B,1,299.9,Sudeste
2025-06-05,1509,CUST-113,Produto B,2,299.9,Sul
2025-06-05,1510,CUST-425,Produto D,2,89.0,Norte
2025-06-05,1511,CUST-097,Produto C,1,49.5,Sul
2025-06-05,1512,CUST-232,Produto D,1,89.0,Sudeste
2025-06-06,1513,CUST-079,Produto C,3,49.5,Norte
2025-06-06,1514,CUST-467,Produto D,1,89.0,Sul
2025-06-06,1515,CUST-008,Produto A,4,150.0,Sul
2025-06-06,1516,CUST-385,Produto A,1,150.0,Centro-Oeste
2025-06-06,1517,CUST-133,Produto A,1,150.0,Norte
2025-06-06,1518,CUST-139,Produto B,1,299.9,Sudeste
2025-06-06,1519,CUST-028,Produto D,4,89.0,Centro-Oeste
2025-06-06,1520,CUST-350,Produto B,1,299.9,Sul
2025-06-06,1521,CUST-038,Produto D,1,89.0,Nordeste
2025-06-06,1522,CUST-223,Produto A,1,150.0,Norte
2025-06-06,1523,CUST-450,Produto C,1,49.5,Norte
2025-06-06,1524,CUST-382,Produto C,1,49.5,Sudeste
2025-06-06,1525,CUST-378,Produto A,1,150.0,Norte
2025-06-06,1526,CUST-149,Produto B,3,299.9,Nordeste
2025-06-07,1527,CUST-226,Produto A,1,150.0,Sudeste
2025-06-07,1528,CUST-183,Produto A,1,150.0,Nordeste
2025-06-07,1529,CUST-473,Produto A,1,150.0,Sudeste
2025-06-07,1530,CUST-213,Produto A,1,150.0,Sudeste
2025-06-07,1531,CUST-376,Produto C,1,49.5,Norte
2025-06-07,1532,CUST-268,Produto D,2,89.0,Norte
2025-06-07,1533,CUST-149,Produto D,1,89.0,Sul
2025-06-07,1534,CUST-224,Produto D,2,89.0,Sudeste
2025-06-07,1535,CUST-345,Produto A,1,150.0,Centro-Oeste
2025-06-07,1536,CUST-258,Produto D,1,89.0,Nordeste
2025-06-08,1537,CUST-407,Produto D,1,89.0,Centro-Oeste
2025-06-08,1538,CUST-421,Produto D,2,89.0,Centro-Oeste
2025-06-08,1539,CUST-023,Produto C,1,49.5,Centro-Oeste
2025-06-08,1540,CUST-128,Produto C,3,49.5,Norte
2025-06-08,1541,CUST-144,Produto B,1,299.9,Nordeste
2025-06-08,1542,CUST-449,Produto D,2,89.0,Centro-Oeste
2025-06-08,1543,CUST-354,Produto A,1,150.0,Nordeste
2025-06-08,1544,CUST-411,Produto A,1,150.0,Centro-Oeste
2025-06-08,1545,CUST-420,Produto C,1,49.5,Norte
2025-06-08,1546,CUST-209,Produto A,2,150.0,Sudeste
2025-06-09,1547,CUST-101,Produto C,3,49.5,Centro-Oeste
2025-06-09,1548,CUST-020,Produto A,1,150.0,Sudeste
2025-06-09,1549,CUST-293,Produto C,1,49.5,Nordeste
2025-06-09,1550,CUST-202,Produto C,1,49.5,Sul
2025-06-09,1551,CUST-429,Produto C,1,49.5,Norte
2025-06-09,1552,CUST-221,Produto A,1,150.0,Sudeste
2025-06-09,1553,CUST-055,Produto C,1,49.5,Nordeste
2025-06-09,1554,CUST-158,Produto C,1,49.5,Nordeste
2025-06-09,1555,CUST-403,Produto D,1,89.0,Sudeste
2025-06-09,1556,CUST-076,Produto B,1,299.9,Sul
2025-06-09,1557,CUST-192,Produto C,2,49.5,Sudeste
2025-06-09,1558,CUST-183,Produto B,1,299.9,Norte
2025-06-09,1559,CUST-251,Produto A,1,150.0,Norte
2025-06-09,1560,CUST-118,Produto D,2,89.0,Norte
2025-06-09,1561,CUST-148,Produto C,1,49.5,Sudeste
2025-06-09,1562,CUST-075,Produto C,1,49.5,Sudeste
2025-06-09,1563,CUST-061,Produto C,4,49.5,Sul
2025-06-09,1564,CUST-113,Produto D,1,89.0,Centro-Oeste
2025-06-10,1565,CUST-245,Produto C,4,49.5,Centro-Oeste
2025-06-10,1566,CUST-499,Produto A,3,150.0,Nordeste
2025-06-10,1567,CUST-049,Produto B,1,299.9,Sudeste
2025-06-10,1568,CUST-070,Produto B,4,299.9,Sudeste
2025-06-10,1569,CUST-419,Produto C,1,49.5,Nordeste
2025-06-10,1570,CUST-182,Produto B,2,299.9,Norte
2025-06-10,1571,CUST-031,Produto A,1,150.0,Norte
2025-06-10,1572,CUST-414,Produto D,1,89.0,Sul
2025-06-10,1573,CUST-391,Produto A,1,150.0,Sudeste
2025-06-10,1574,CUST-336,Produto A,4,150.0,Nordeste
2025-06-10,1575,CUST-205,Produto B,1,299.9,Norte
2025-06-10,1576,CUST-184,Produto A,1,150.0,Sudeste
2025-06-10,1577,CUST-441,Produto A,2,150.0,Centro-Oeste
2025-06-10,1578,CUST-007,Produto B,1,299.9,Centro-Oeste
2025-06-10,1579,CUST-148,Produto A,1,150.0,Centro-Oeste
2025-06-10,1580,CUST-426,Produto A,3,150.0,Sul
2025-06-11,1581,CUST-421,Produto D,1,89.0,Nordeste
2025-06-11,1582,CUST-341,Produto B,1,299.9,Norte
2025-06-11,1583,CUST-161,Produto C,1,49.5,Norte
2025-06-11,1584,CUST-327,Produto A,1,150.0,Nordeste
2025-06-11,1585,CUST-061,Produto C,1,49.5,Sul
2025-06-11,1586,CUST-423,Produto D,2,89.0,Norte
2025-06-11,1587,CUST-065,Produto C,1,49.5,Nordeste
2025-06-11,1588,CUST-066,Produto B,1,299.9,Norte
2025-06-11,1589,CUST-125,Produto A,3,150.0,Centro-Oeste
2025-06-11,1590,CUST-059,Produto C,1,49.5,Sudeste
2025-06-11,1591,CUST-448,Produto B,1,299.9,Norte
2025-06-11,1592,CUST-383,Produto B,3,299.9,Nordeste
2025-06-11,1593,CUST-079,Produto C,2,49.5,Sul
2025-06-11,1594,CUST-381,Produto D,3,89.0,Centro-Oeste
2025-06-11,1595,CUST-369,Produto B,4,299.9,Nordeste
2025-06-11,1596,CUST-456,Produto A,1,150.0,Centro-Oeste
2025-06-12,1597,CUST-379,Produto C,1,49.5,Norte
2025-06-12,1598,CUST-267,Produto B,2,299.9,Centro-Oeste
2025-06-12,1599,CUST-476,Produto A,1,150.0,Sudeste
2025-06-12,1600,CUST-047,Produto C,1,49.5,Norte
2025-06-12,1601,CUST-042,Produto A,3,150.0,Nordeste
2025-06-12,1602,CUST-263,Produto B,1,299.9,Nordeste
2025-06-12,1603,CUST-114,Produto C,1,49.5,Centro-Oeste
2025-06-12,1604,CUST-129,Produto A,1,150.0,Sudeste
2025-06-12,1605,CUST-176,Produto A,1,150.0,Sudeste
2025-06-12,1606,CUST-032,Produto A,1,150.0,Centro-Oeste
2025-06-12,1607,CUST-063,Produto A,2,150.0,Norte
2025-06-12,1608,CUST-162,Produto B,1,299.9,Sul
2025-06-13,1609,CUST-325,Produto B,1,299.9,Centro-Oeste
2025-06-13,1610,CUST-404,Produto B,1,299.9,Norte
2025-06-13,1611,CUST-227,Produto D,1,89.0,Sul
2025-06-13,1612,CUST-486,Produto A,3,150.0,Sudeste
2025-06-13,1613,CUST-377,Produto B,2,299.9,Sudeste
2025-06-13,1614,CUST-457,Produto B,3,299.9,Sudeste
2025-06-13,1615,CUST-076,Produto B,1,299.9,Centro-Oeste
2025-06-13,1616,CUST-156,Produto B,1,299.9,Sul
2025-06-13,1617,CUST-163,Produto D,1,89.0,Sul
2025-06-13,1618,CUST-314,Produto A,1,150.0,Nordeste
2025-06-13,1619,CUST-325,Produto C,1,49.5,Norte
2025-06-14,1620,CUST-424,Produto C,1,49.5,Centro-Oeste
2025-06-14,1621,CUST-148,Produto A,2,150.0,Norte
2025-06-14,1622,CUST-004,Produto A,3,150.0,Centro-Oeste
2025-06-14,1623,CUST-227,Produto D,1,89.0,Sul
2025-06-14,1624,CUST-142,Produto C,1,49.5,Sudeste
2025-06-14,1625,CUST-355,Produto D,1,89.0,Norte
2025-06-14,1626,CUST-225,Produto A,3,150.0,Centro-Oeste
2025-06-14,1627,CUST-091,Produto D,1,89.0,Centro-Oeste
2025-06-14,1628,CUST-328,Produto B,1,299.9,Sudeste
2025-06-14,1629,CUST-084,Produto A,1,150.0,Centro-Oeste
2025-06-14,1630,CUST-102,Produto A,1,150.0,Nordeste
2025-06-14,1631,CUST-110,Produto A,3,150.0,Centro-Oeste
2025-06-15,1632,CUST-251,Produto D,1,89.0,Norte
2025-06-15,1633,CUST-431,Produto C,1,49.5,Centro-Oeste
2025-06-15,1634,CUST-317,Produto B,1,299.9,Sul
2025-06-15,1635,CUST-320,Produto A,1,150.0,Norte
2025-06-15,1636,CUST-309,Produto B,1,299.9,Centro-Oeste
2025-06-15,1637,CUST-196,Produto A,1,150.0,Norte
2025-06-15,1638,CUST-361,Produto A,3,150.0,Nordeste
2025-06-15,1639,CUST-062,Produto B,1,299.9,Sul
2025-06-15,1640,CUST-267,Produto C,1,49.5,Centro-Oeste
2025-06-15,1641,CUST-325,Produto D,3,89.0,Sul
2025-06-15,1642,CUST-417,Produto A,1,150.0,Sudeste
2025-06-15,1643,CUST-324,Produto C,1,49.5,Norte
2025-06-15,1644,CUST-008,Produto D,1,89.0,Norte
2025-06-15,1645,CUST-438,Produto B,1,299.9,Sudeste
2025-06-15,1646,CUST-147,Produto B,2,299.9,Norte
2025-06-15,1647,CUST-307,Produto D,1,89.0,Sul
2025-06-15,1648,CUST-132,Produto B,2,299.9,Centro-Oeste
2025-06-15,1649,CUST-406,Produto C,1,49.5,Sudeste
2025-06-15,1650,CUST-194,Produto C,4,49.5,Sudeste
2025-06-15,1651,CUST-257,Produto A,1,150.0,Norte
2025-06-15,1652,CUST-210,Produto A,1,150.0,Norte
2025-06-16,1653,CUST-362,Produto A,1,150.0,Sudeste
2025-06-16,1654,CUST-355,Produto D,1,89.0,Norte
2025-06-16,1655,CUST-340,Produto A,2,150.0,Sul
2025-06-16,1656,CUST-302,Produto A,1,150.0,Norte
2025-06-16,1657,CUST-380,Produto A,3,150.0,Sudeste
2025-06-16,1658,CUST-433,Produto A,1,150.0,Sul
2025-06-16,1659,CUST-265,Produto A,1,150.0,Norte
2025-06-16,1660,CUST-344,Produto D,1,89.0,Norte
2025-06-16,1661,CUST-039,Produto B,3,299.9,Norte
2025-06-16,1662,CUST-395,Produto B,2,299.9,Centro-Oeste
2025-06-16,1663,CUST-168,Produto A,1,150.0,Norte
2025-06-16,1664,CUST-109,Produto B,1,299.9,Sul
2025-06-16,1665,CUST-090,Produto C,1,49.5,Sul
2025-06-17,1666,CUST-146,Produto A,2,150.0,Nordeste
2025-06-17,1667,CUST-082,Produto A,1,150.0,Sudeste
2025-06-17,1668,CUST-113,Produto A,1,150.0,Sudeste
2025-06-17,1669,CUST-423,Produto A,1,150.0,Norte
2025-06-17,1670,CUST-450,Produto B,2,299.9,Nordeste
2025-06-17,1671,CUST-051,Produto D,1,89.0,Nordeste
2025-06-18,1672,CUST-117,Produto D,2,89.0,Centro-Oeste
2025-06-18,1673,CUST-081,Produto D,1,89.0,Nordeste
2025-06-18,1674,CUST-321,Produto C,1,49.5,Centro-Oeste
2025-06-18,1675,CUST-213,Produto A,1,150.0,Sul
2025-06-18,1676,CUST-279,Produto D,1,89.0,Norte
2025-06-18,1677,CUST-438,Produto D,1,89.0,Sul
2025-06-18,1678,CUST-375,Produto D,1,89.0,Sul
2025-06-18,1679,CUST-364,Produto B,3,299.9,Sudeste
2025-06-18,1680,CUST-172,Produto C,3,49.5,Sudeste
2025-06-18,1681,CUST-048,Produto D,1,89.0,Centro-Oeste
2025-06-18,1682,CUST-380,Produto A,1,150.0,Sudeste
2025-06-18,1683,CUST-421,Produto C,1,49.5,Sudeste
2025-06-18,1684,CUST-193,Produto C,1,49.5,Norte
2025-06-18,1685,CUST-444,Produto D,1,89.0,Nordeste
2025-06-18,1686,CUST-126,Produto B,1,299.9,Centro-Oeste
2025-06-18,1687,CUST-392,Produto C,1,49.5,Sul
2025-06-18,1688,CUST-486,Produto B,1,299.9,Sudeste
2025-06-18,1689,CUST-434,Produto B,2,299.9,Sul
2025-06-18,1690,CUST-067,Produto B,1,299.9,Centro-Oeste
2025-06-18,1691,CUST-430,Produto D,1,89.0,Centro-Oeste
2025-06-18,1692,CUST-051,Produto A,1,150.0,Nordeste
2025-06-19,1693,CUST-124,Produto D,1,89.0,Nordeste
2025-06-19,1694,CUST-274,Produto A,3,150.0,Sudeste
2025-06-19,1695,CUST-059,Produto D,4,89.0,Sul
2025-06-19,1696,CUST-224,Produto D,1,89.0,Sul
2025-06-19,1697,CUST-489,Produto B,1,299.9,Sul
2025-06-19,1698,CUST-379,Produto B,1,299.9,Sul
2025-06-19,1699,CUST-416,Produto D,1,89.0,Nordeste
2025-06-19,1700,CUST-430,Produto C,1,49.5,Sul
2025-06-19,1701,CUST-359,Produto C,1,49.5,Centro-Oeste
2025-06-19,1702,CUST-483,Produto B,1,299.9,Sul
2025-06-19,1703,CUST-435,Produto A,3,150.0,Sudeste
2025-06-19,1704,CUST-104,Produto C,2,49.5,Nordeste
2025-06-19,1705,CUST-165,Produto B,2,299.9,Centro-Oeste
2025-06-19,1706,CUST-145,Produto C,1,49.5,Sul
2025-06-20,1707,CUST-246,Produto C,1,49.5,Sudeste
2025-06-20,1708,CUST-005,Produto A,2,150.0,Sudeste
2025-06-20,1709,CUST-012,Produto C,1,49.5,Nordeste
2025-06-20,1710,CUST-304,Produto D,4,89.0,Nordeste
2025-06-20,1711,CUST-228,Produto A,2,150.0,Nordeste
2025-06-20,1712,CUST-203,Produto A,1,150.0,Centro-Oeste
2025-06-20,1713,CUST-179,Produto D,1,89.0,Norte
2025-06-20,1714,CUST-435,Produto D,1,89.0,Sudeste
2025-06-20,1715,CUST-163,Produto C,1,49.5,Sul
2025-06-20,1716,CUST-429,Produto A,1,150.0,Sudeste
2025-06-21,1717,CUST-443,Produto D,1,89.0,Centro-Oeste
2025-06-21,1718,CUST-287,Produto A,4,150.0,Sul
2025-06-21,1719,CUST-214,Produto C,2,49.5,Sul
2025-06-21,1720,CUST-320,Produto C,2,49.5,Nordeste
2025-06-21,1721,CUST-169,Produto A,1,150.0,Nordeste
2025-06-21,1722,CUST-222,Produto A,1,150.0,Norte
2025-06-21,1723,CUST-113,Produto A,4,150.0,Nordeste
2025-06-21,1724,CUST-065,Produto A,1,150.0,Centro-Oeste
2025-06-21,1725,CUST-141,Produto B,2,299.9,Sul
2025-06-21,1726,CUST-127,Produto C,2,49.5,Norte
2025-06-21,1727,CUST-290,Produto D,2,89.0,Norte
2025-06-21,1728,CUST-355,Produto A,1,150.0,Centro-Oeste
2025-06-21,1729,CUST-173,Produto B,2,299.9,Sul
2025-06-21,1730,CUST-123,Produto C,1,49.5,Centro-Oeste
2025-06-22,1731,CUST-144,Produto A,3,150.0,Sudeste
2025-06-22,1732,CUST-013,Produto B,1,299.9,Nordeste
2025-06-22,1733,CUST-295,Produto C,1,49.5,Nordeste
2025-06-22,1734,CUST-118,Produto B,1,299.9,Centro-Oeste
2025-06-22,1735,CUST-401,Produto B,1,299.9,Norte
2025-06-22,1736,CUST-403,Produto C,4,49.5,Sul
2025-06-22,1737,CUST-183,Produto B,2,299.9,Norte
2025-06-22,1738,CUST-484,Produto B,1,299.9,Nordeste
2025-06-22,1739,CUST-014,Produto C,1,49.5,Nordeste
2025-06-22,1740,CUST-408,Produto B,1,299.9,Sul
2025-06-22,1741,CUST-205,Produto A,1,150.0,Sudeste
2025-06-22,1742,CUST-119,Produto D,2,89.0,Sudeste
2025-06-22,1743,CUST-127,Produto A,3,150.0,Nordeste
2025-06-22,1744,CUST-479,Produto A,2,150.0,Norte
2025-06-22,1745,CUST-096,Produto A,2,150.0,Nordeste
2025-06-22,1746,CUST-264,Produto C,3,49.5,Nordeste
2025-06-22,1747,CUST-320,Produto A,1,150.0,Norte
2025-06-22,1748,CUST-107,Produto A,1,150.0,Norte
2025-06-22,1749,CUST-452,Produto A,3,150.0,Sudeste
2025-06-22,1750,CUST-083,Produto C,3,49.5,Sul
2025-06-23,1751,CUST-471,Produto D,1,89.0,Nordeste
2025-06-23,1752,CUST-217,Produto B,1,299.9,Centro-Oeste
2025-06-23,1753,CUST-405,Produto C,1,49.5,Sul
2025-06-23,1754,CUST-011,Produto D,1,89.0,Sudeste
2025-06-23,1755,CUST-021,Produto D,2,89.0,Norte
2025-06-23,1756,CUST-298,Produto B,2,299.9,Sul
2025-06-23,1757,CUST-041,Produto A,1,150.0,Sudeste
2025-06-23,1758,CUST-236,Produto B,1,299.9,Centro-Oeste
2025-06-23,1759,CUST-210,Produto A,3,150.0,Sul
2025-06-23,1760,CUST-016,Produto B,1,299.9,Nordeste
2025-06-23,1761,CUST-100,Produto B,3,299.9,Norte
2025-06-23,1762,CUST-393,Produto C,2,49.5,Nordeste
2025-06-23,1763,CUST-003,Produto A,2,150.0,Nordeste
2025-06-23,1764,CUST-028,Produto A,2,150.0,Sul
2025-06-23,1765,CUST-021,Produto C,1,49.5,Sudeste
2025-06-23,1766,CUST-049,Produto A,1,150.0,Norte
2025-06-23,1767,CUST-303,Produto A,1,150.0,Sudeste
2025-06-23,1768,CUST-102,Produto D,1,89.0,Sul
2025-06-23,1769,CUST-398,Produto B,1,299.9,Sudeste
2025-06-23,1770,CUST-268,Produto B,1,299.9,Norte
2025-06-23,1771,CUST-409,Produto C,1,49.5,Centro-Oeste
2025-06-24,1772,CUST-272,Produto C,1,49.5,Sudeste
2025-06-24,1773,CUST-460,Produto C,1,49.5,Nordeste
2025-06-24,1774,CUST-175,Produto A,1,150.0,Centro-Oeste
2025-06-24,1775,CUST-153,Produto D,1,89.0,Sul
2025-06-24,1776,CUST-313,Produto C,1,49.5,Sudeste
2025-06-24,1777,CUST-373,Produto B,1,299.9,Centro-Oeste
2025-06-24,1778,CUST-457,Produto C,4,49.5,Centro-Oeste
2025-06-24,1779,CUST-456,Produto B,3,299.9,Norte
2025-06-24,1780,CUST-413,Produto A,1,150.0,Centro-Oeste
2025-06-24,1781,CUST-205,Produto A,1,150.0,Sudeste
2025-06-24,1782,CUST-004,Produto C,1,49.5,Nordeste
2025-06-24,1783,CUST-312,Produto D,4,89.0,Sul
2025-06-24,1784,CUST-278,Produto D,1,89.0,Sudeste
2025-06-24,1785,CUST-199,Produto B,1,299.9,Sudeste
2025-06-24,1786,CUST-301,Produto A,2,150.0,Nordeste
2025-06-24,1787,CUST-495,Produto A,4,150.0,Sudeste
2025-06-24,1788,CUST-049,Produto A,2,150.0,Norte
2025-06-24,1789,CUST-057,Produto D,1,89.0,Sudeste
2025-06-24,1790,CUST-282,Produto D,2,89.0,Nordeste
2025-06-24,1791,CUST-361,Produto A,1,150.0,Sudeste
2025-06-24,1792,CUST-422,Produto B,1,299.9,Nordeste
2025-06-24,1793,CUST-122,Produto B,1,299.9,Sul
2025-06-24,1794,CUST-078,Produto C,1,49.5,Nordeste
2025-06-24,1795,CUST-478,Produto B,1,299.9,Centro-Oeste
2025-06-24,1796,CUST-235,Produto D,1,89.0,Sul
2025-06-25,1797,CUST-492,Produto D,1,89.0,Sudeste
2025-06-25,1798,CUST-252,Produto D,1,89.0,Centro-Oeste
2025-06-25,1799,CUST-446,Produto D,2,89.0,Nordeste
2025-06-25,1800,CUST-274,Produto B,1,299.9,Norte
2025-06-25,1801,CUST-154,Produto C,1,49.5,Nordeste
2025-06-25,1802,CUST-059,Produto A,3,150.0,Sul
2025-06-25,1803,CUST-245,Produto B,2,299.9,Centro-Oeste
2025-06-25,1804,CUST-362,Produto D,4,89.0,Sul
2025-06-25,1805,CUST-427,Produto B,2,299.9,Norte
2025-06-25,1806,CUST-342,Produto C,1,49.5,Nordeste
2025-06-25,1807,CUST-074,Produto D,2,89.0,Sul
2025-06-25,1808,CUST-426,Produto C,1,49.5,Sudeste
2025-06-25,1809,CUST-252,Produto D,1,89.0,Nordeste
2025-06-25,1810,CUST-278,Produto A,1,150.0,Centro-Oeste
2025-06-25,1811,CUST-364,Produto B,1,299.9,Centro-Oeste
2025-06-25,1812,CUST-438,Produto C,1,49.5,Norte
2025-06-25,1813,CUST-129,Produto B,4,299.9,Centro-Oeste
2025-06-26,1814,CUST-359,Produto C,4,49.5,Norte
2025-06-26,1815,CUST-173,Produto C,1,49.5,Nordeste
2025-06-26,1816,CUST-082,Produto A,1,150.0,Centro-Oeste
2025-06-26,1817,CUST-154,Produto C,1,49.5,Nordeste
2025-06-26,1818,CUST-315,Produto D,1,89.0,Nordeste
2025-06-26,1819,CUST-193,Produto A,1,150.0,Nordeste
2025-06-26,1820,CUST-425,Produto A,3,150.0,Sul
2025-06-26,1821,CUST-312,Produto D,1,89.0,Centro-Oeste
2025-06-26,1822,CUST-371,Produto C,1,49.5,Nordeste
2025-06-26,1823,CUST-040,Produto A,1,150.0,Nordeste
2025-06-26,1824,CUST-084,Produto B,2,299.9,Nordeste
2025-06-26,1825,CUST-392,Produto B,1,299.9,Sul
2025-06-26,1826,CUST-494,Produto A,1,150.0,Sudeste
2025-06-27,1827,CUST-367,Produto D,1,89.0,Centro-Oeste
2025-06-27,1828,CUST-164,Produto D,3,89.0,Sul
2025-06-27,1829,CUST-004,Produto C,2,49.5,Nordeste
2025-06-27,1830,CUST-248,Produto A,3,150.0,Sul
2025-06-27,1831,CUST-318,Produto A,4,150.0,Sul
2025-06-27,1832,CUST-054,Produto B,1,299.9,Sudeste
2025-06-27,1833,CUST-317,Produto B,2,299.9,Sul
2025-06-27,1834,CUST-476,Produto B,3,299.9,Sudeste
2025-06-28,1835,CUST-343,Produto C,1,49.5,Sul
2025-06-28,1836,CUST-025,Produto C,3,49.5,Sul
2025-06-28,1837,CUST-382,Produto A,1,150.0,Norte
2025-06-28,1838,CUST-039,Produto B,4,299.9,Sudeste
2025-06-28,1839,CUST-456,Produto A,2,150.0,Sul
2025-06-28,1840,CUST-202,Produto C,1,49.5,Nordeste
2025-06-28,1841,CUST-465,Produto A,1,150.0,Norte
2025-06-28,1842,CUST-273,Produto D,1,89.0,Norte
2025-06-28,1843,CUST-123,Produto C,1,49.5,Norte
2025-06-28,1844,CUST-191,Produto C,1,49.5,Norte
2025-06-28,1845,CUST-383,Produto B,1,299.9,Norte
2025-06-28,1846,CUST-198,Produto D,2,89.0,Centro-Oeste
2025-06-28,1847,CUST-126,Produto D,2,89.0,Sul
2025-06-29,1848,CUST-308,Produto A,1,150.0,Sudeste
2025-06-29,1849,CUST-076,Produto A,1,150.0,Norte
2025-06-29,1850,CUST-337,Produto C,1,49.5,Norte
2025-06-29,1851,CUST-402,Produto B,1,299.9,Sudeste
2025-06-29,1852,CUST-488,Produto A,2,150.0,Centro-Oeste
2025-06-29,1853,CUST-189,Produto C,2,49.5,Nordeste
2025-06-29,1854,CUST-339,Produto A,1,150.0,Sul
2025-06-29,1855,CUST-193,Produto C,1,49.5,Centro-Oeste
2025-06-29,1856,CUST-240,Produto A,1,150.0,Sul
2025-06-29,1857,CUST-080,Produto D,1,89.0,Sudeste
2025-06-29,1858,CUST-095,Produto A,3,150.0,Sudeste
2025-06-29,1859,CUST-313,Produto A,1,150.0,Centro-Oeste
2025-06-29,1860,CUST-114,Produto C,1,49.5,Centro-Oeste
2025-06-30,1861,CUST-140,Produto A,1,150.0,Centro-Oeste
2025-06-30,1862,CUST-412,Produto C,1,49.5,Norte
2025-06-30,1863,CUST-033,Produto B,1,299.9,Centro-Oeste
2025-06-30,1864,CUST-214,Produto A,1,150.0,Centro-Oeste
2025-06-30,1865,CUST-289,Produto B,1,299.9,Sudeste
2025-06-30,1866,CUST-128,Produto C,2,49.5,Centro-Oeste
2025-06-30,1867,CUST-280,Produto C,1,49.5,Sul
2025-07-01,1868,CUST-202,Produto D,1,89.0,Sul
2025-07-01,1869,CUST-412,Produto A,4,150.0,Sul
2025-07-01,1870,CUST-468,Produto B,2,299.9,Nordeste
2025-07-01,1871,CUST-071,Produto B,1,299.9,Sudeste
2025-07-01,1872,CUST-291,Produto A,1,150.0,Norte
2025-07-01,1873,CUST-166,Produto A,1,150.0,Nordeste
2025-07-01,1874,CUST-157,Produto D,2,89.0,Centro-Oeste
2025-07-01,1875,CUST-438,Produto D,1,89.0,Norte
2025-07-01,1876,CUST-367,Produto C,1,49.5,Centro-Oeste
2025-07-01,1877,CUST-134,Produto B,2,299.9,Centro-Oeste
2025-07-01,1878,CUST-352,Produto A,2,150.0,Norte
2025-07-01,1879,CUST-059,Produto C,1,49.5,Sudeste
2025-07-02,1880,CUST-309,Produto D,1,89.0,Nordeste
2025-07-02,1881,CUST-379,Produto D,2,89.0,Sul
2025-07-02,1882,CUST-493,Produto C,2,49.5,Norte
2025-07-02,1883,CUST-007,Produto B,1,299.9,Sudeste
2025-07-02,1884,CUST-138,Produto A,1,150.0,Norte
2025-07-02,1885,CUST-416,Produto B,3,299.9,Nordeste
2025-07-02,1886,CUST-330,Produto C,4,49.5,Norte
2025-07-02,1887,CUST-244,Produto A,1,150.0,Centro-Oeste
2025-07-02,1888,CUST-367,Produto C,4,49.5,Sudeste
2025-07-02,1889,CUST-411,Produto A,1,150.0,Norte
2025-07-02,1890,CUST-043,Produto A,1,150.0,Norte
2025-07-02,1891,CUST-493,Produto C,1,49.5,Sudeste
2025-07-02,1892,CUST-047,Produto A,1,150.0,Sudeste
2025-07-02,1893,CUST-299,Produto A,1,150.0,Sul
2025-07-02,1894,CUST-434,Produto A,1,150.0,Sul
2025-07-02,1895,CUST-016,Produto C,2,49.5,Centro-Oeste
2025-07-03,1896,CUST-174,Produto D,4,89.0,Sul
2025-07-03,1897,CUST-238,Produto B,1,299.9,Centro-Oeste
2025-07-03,1898,CUST-073,Produto A,2,150.0,Norte
2025-07-03,1899,CUST-444,Produto A,2,150.0,Norte
2025-07-03,1900,CUST-338,Produto B,3,299.9,Norte
2025-07-03,1901,CUST-058,Produto C,1,49.5,Sul
2025-07-03,1902,CUST-168,Produto A,2,150.0,Nordeste
2025-07-03,1903,CUST-335,Produto B,2,299.9,Sul
2025-07-03,1904,CUST-186,Produto A,3,150.0,Centro-Oeste
2025-07-03,1905,CUST-363,Produto A,1,150.0,Sul
2025-07-03,1906,CUST-311,Produto B,4,299.9,Norte
2025-07-03,1907,CUST-385,Produto C,1,49.5,Norte
2025-07-03,1908,CUST-133,Produto D,1,89.0,Sul
2025-07-03,1909,CUST-455,Produto C,4,49.5,Nordeste
2025-07-03,1910,CUST-291,Produto C,3,49.5,Centro-Oeste
2025-07-03,1911,CUST-444,Produto D,1,89.0,Sudeste
2025-07-03,1912,CUST-277,Produto B,1,299.9,Norte
2025-07-03,1913,CUST-237,Produto C,1,49.5,Norte
2025-07-03,1914,CUST-036,Produto A,4,150.0,Sul
2025-07-04,1915,CUST-213,Produto A,1,150.0,Norte
2025-07-04,1916,CUST-035,Produto D,1,89.0,Sul
2025-07-04,1917,CUST-426,Produto B,1,299.9,Sul
2025-07-04,1918,CUST-414,Produto D,1,89.0,Centro-Oeste
2025-07-04,1919,CUST-239,Produto B,2,299.9,Sul
2025-07-04,1920,CUST-495,Produto C,1,49.5,Sudeste
2025-07-04,1921,CUST-450,Produto B,1,299.9,Sul
2025-07-04,1922,CUST-414,Produto B,2,299.9,Norte
2025-07-04,1923,CUST-499,Produto A,1,150.0,Nordeste
2025-07-04,1924,CUST-115,Produto A,1,150.0,Sudeste
2025-07-04,1925,CUST-011,Produto A,1,150.0,Sudeste
2025-07-04,1926,CUST-118,Produto A,1,150.0,Centro-Oeste
2025-07-04,1927,CUST-137,Produto A,4,150.0,Centro-Oeste
2025-07-04,1928,CUST-195,Produto B,1,299.9,Centro-Oeste
2025-07-04,1929,CUST-413,Produto C,2,49.5,Norte
2025-07-04,1930,CUST-418,Produto B,1,299.9,Norte
2025-07-05,1931,CUST-017,Produto D,1,89.0,Nordeste
2025-07-05,1932,CUST-451,Produto A,1,150.0,Norte
2025-07-05,1933,CUST-193,Produto A,1,150.0,Sul
2025-07-05,1934,CUST-251,Produto A,2,150.0,Norte
2025-07-05,1935,CUST-491,Produto B,1,299.9,Sul
2025-07-05,1936,CUST-310,Produto C,1,49.5,Norte
2025-07-05,1937,CUST-093,Produto C,1,49.5,Norte
2025-07-05,1938,CUST-364,Produto D,3,89.0,Centro-Oeste
2025-07-05,1939,CUST-339,Produto B,2,299.9,Sul
2025-07-05,1940,CUST-139,Produto D,1,89.0,Centro-Oeste
2025-07-05,1941,CUST-435,Produto A,1,150.0,Nordeste
2025-07-05,1942,CUST-239,Produto A,1,150.0,Sudeste
2025-07-05,1943,CUST-116,Produto B,4,299.9,Sudeste
2025-07-05,1944,CUST-333,Produto C,1,49.5,Nordeste
2025-07-05,1945,CUST-123,Produto D,1,89.0,Sul
2025-07-05,1946,CUST-182,Produto A,1,150.0,Centro-Oeste
2025-07-05,1947,CUST-060,Produto C,2,49.5,Sudeste
2025-07-06,1948,CUST-386,Produto C,1,49.5,Centro-Oeste
2025-07-06,1949,CUST-159,Produto C,1,49.5,Sudeste
2025-07-06,1950,CUST-420,Produto D,2,89.0,Norte
2025-07-06,1951,CUST-368,Produto C,1,49.5,Sul
2025-07-06,1952,CUST-209,Produto C,3,49.5,Nordeste
2025-07-06,1953,CUST-029,Produto A,1,150.0,Sudeste
2025-07-06,1954,CUST-390,Produto B,2,299.9,Sudeste
2025-07-06,1955,CUST-277,Produto C,4,49.5,Centro-Oeste
2025-07-06,1956,CUST-245,Produto C,3,49.5,Sul
2025-07-06,1957,CUST-445,Produto C,1,49.5,Nordeste
2025-07-06,1958,CUST-313,Produto C,1,49.5,Centro-Oeste
2025-07-06,1959,CUST-138,Produto A,1,150.0,Sudeste
2025-07-06,1960,CUST-218,Produto B,1,299.9,Norte
2025-07-06,1961,CUST-279,Produto C,1,49.5,Nordeste
2025-07-06,1962,CUST-239,Produto C,2,49.5,Norte
2025-07-06,1963,CUST-129,Produto C,2,49.5,Sul
2025-07-06,1964,CUST-378,Produto B,3,299.9,Sul
2025-07-06,1965,CUST-487,Produto A,2,150.0,Nordeste
2025-07-07,1966,CUST-357,Produto B,4,299.9,Sudeste
2025-07-07,1967,CUST-165,Produto C,1,49.5,Norte
2025-07-07,1968,CUST-096,Produto A,1,150.0,Sul
2025-07-07,1969,CUST-176,Produto A,1,150.0,Nordeste
2025-07-07,1970,CUST-232,Produto B,3,299.9,Centro-Oeste
2025-07-07,1971,CUST-230,Produto C,1,49.5,Sul
2025-07-07,1972,CUST-182,Produto A,2,150.0,Norte
2025-07-07,1973,CUST-276,Produto C,4,49.5,Centro-Oeste
2025-07-07,1974,CUST-480,Produto D,4,89.0,Centro-Oeste
2025-07-07,1975,CUST-163,Produto C,1,49.5,Centro-Oeste
2025-07-07,1976,CUST-369,Produto C,1,49.5,Sul
2025-07-07,1977,CUST-499,Produto D,3,89.0,Sul
2025-07-07,1978,CUST-304,Produto B,1,299.9,Sudeste
2025-07-07,1979,CUST-433,Produto A,1,150.0,Nordeste
2025-07-07,1980,CUST-442,Produto C,1,49.5,Centro-Oeste
2025-07-07,1981,CUST-125,Produto B,2,299.9,Sul
2025-07-07,1982,CUST-029,Produto C,1,49.5,Sul
2025-07-07,1983,CUST-061,Produto C,1,49.5,Nordeste
2025-07-08,1984,CUST-183,Produto C,4,49.5,Nordeste
2025-07-08,1985,CUST-051,Produto C,2,49.5,Sul
2025-07-08,1986,CUST-170,Produto B,1,299.9,Norte
2025-07-08,1987,CUST-288,Produto C,1,49.5,Centro-Oeste
2025-07-08,1988,CUST-376,Produto B,2,299.9,Nordeste
2025-07-08,1989,CUST-343,Produto D,1,89.0,Sul
2025-07-08,1990,CUST-182,Produto C,2,49.5,Norte
2025-07-08,1991,CUST-193,Produto A,1,150.0,Sudeste
2025-07-08,1992,CUST-431,Produto A,2,150.0,Nordeste
2025-07-08,1993,CUST-404,Produto B,4,299.9,Nordeste
2025-07-08,1994,CUST-043,Produto C,1,49.5,Centro-Oeste
2025-07-08,1995,CUST-222,Produto B,1,299.9,Sudeste
2025-07-08,1996,CUST-094,Produto D,2,89.0,Nordeste
2025-07-08,1997,CUST-230,Produto D,1,89.0,Norte
2025-07-09,1998,CUST-150,Produto C,1,49.5,Centro-Oeste
2025-07-09,1999,CUST-414,Produto C,1,49.5,Nordeste
2025-07-09,2000,CUST-007,Produto D,2,89.0,Centro-Oeste
2025-07-09,2001,CUST-181,Produto B,4,299.9,Centro-Oeste
2025-07-09,2002,CUST-419,Produto D,3,89.0,Norte
2025-07-09,2003,CUST-239,Produto A,1,150.0,Norte
2025-07-09,2004,CUST-222,Produto C,2,49.5,Sul
2025-07-09,2005,CUST-119,Produto A,1,150.0,Sul
2025-07-09,2006,CUST-350,Produto B,2,299.9,Nordeste
2025-07-09,2007,CUST-434,Produto A,1,150.0,Nordeste
2025-07-09,2008,CUST-276,Produto B,1,299.9,Centro-Oeste
2025-07-09,2009,CUST-271,Produto A,4,150.0,Sudeste
2025-07-09,2010,CUST-296,Produto A,4,150.0,Norte
2025-07-09,2011,CUST-110,Produto A,1,150.0,Centro-Oeste
2025-07-09,2012,CUST-138,Produto C,1,49.5,Sudeste
2025-07-09,2013,CUST-013,Produto A,1,150.0,Sul
2025-07-09,2014,CUST-223,Produto A,1,150.0,Sudeste
2025-07-10,2015,CUST-031,Produto D,1,89.0,Nordeste
2025-07-10,2016,CUST-192,Produto A,1,150.0,Sul
2025-07-10,2017,CUST-428,Produto C,1,49.5,Centro-Oeste
2025-07-10,2018,CUST-065,Produto A,1,150.0,Norte
2025-07-10,2019,CUST-439,Produto B,1,299.9,Norte
2025-07-10,2020,CUST-278,Produto A,1,150.0,Norte
2025-07-10,2021,CUST-460,Produto C,1,49.5,Centro-Oeste
2025-07-10,2022,CUST-337,Produto C,3,49.5,Sul
2025-07-10,2023,CUST-219,Produto C,4,49.5,Nordeste
2025-07-10,2024,CUST-447,Produto B,1,299.9,Norte
2025-07-10,2025,CUST-327,Produto B,2,299.9,Sudeste
2025-07-10,2026,CUST-187,Produto A,2,150.0,Sudeste
2025-07-10,2027,CUST-365,Produto C,1,49.5,Sul
2025-07-10,2028,CUST-077,Produto D,1,89.0,Centro-Oeste
2025-07-10,2029,CUST-039,Produto C,1,49.5,Sudeste
2025-07-10,2030,CUST-486,Produto D,2,89.0,Centro-Oeste
2025-07-10,2031,CUST-222,Produto A,3,150.0,Sul
2025-07-10,2032,CUST-208,Produto D,1,89.0,Nordeste
2025-07-11,2033,CUST-076,Produto C,1,49.5,Centro-Oeste
2025-07-11,2034,CUST-190,Produto B,3,299.9,Sul
2025-07-11,2035,CUST-250,Produto D,1,89.0,Sul
2025-07-11,2036,CUST-013,Produto B,1,299.9,Sudeste
2025-07-11,2037,CUST-276,Produto C,2,49.5,Norte
2025-07-11,2038,CUST-481,Produto B,1,299.9,Sudeste
2025-07-11,2039,CUST-328,Produto B,1,299.9,Nordeste
2025-07-11,2040,CUST-474,Produto D,1,89.0,Centro-Oeste
2025-07-11,2041,CUST-497,Produto C,1,49.5,Sul
2025-07-11,2042,CUST-246,Produto C,2,49.5,Nordeste
2025-07-12,2043,CUST-238,Produto D,2,89.0,Sul
2025-07-12,2044,CUST-094,Produto D,1,89.0,Sul
2025-07-12,2045,CUST-116,Produto A,1,150.0,Centro-Oeste
2025-07-12,2046,CUST-479,Produto C,1,49.5,Sudeste
2025-07-12,2047,CUST-313,Produto A,2,150.0,Norte
2025-07-12,2048,CUST-044,Produto B,3,299.9,Norte
2025-07-12,2049,CUST-288,Produto A,1,150.0,Norte
2025-07-12,2050,CUST-441,Produto A,2,150.0,Norte
2025-07-12,2051,CUST-321,Produto A,4,150.0,Sudeste
2025-07-12,2052,CUST-139,Produto C,1,49.5,Centro-Oeste
2025-07-12,2053,CUST-416,Produto B,2,299.9,Norte
2025-07-12,2054,CUST-102,Produto B,3,299.9,Nordeste
2025-07-12,2055,CUST-433,Produto A,3,150.0,Norte
2025-07-12,2056,CUST-149,Produto A,1,150.0,Norte
2025-07-13,2057,CUST-450,Produto C,2,49.5,Sudeste
2025-07-13,2058,CUST-068,Produto C,1,49.5,Sudeste
2025-07-13,2059,CUST-058,Produto B,4,299.9,Sudeste
2025-07-13,2060,CUST-105,Produto B,2,299.9,Norte
2025-07-13,2061,CUST-186,Produto B,1,299.9,Centro-Oeste
2025-07-13,2062,CUST-284,Produto A,1,150.0,Centro-Oeste
2025-07-13,2063,CUST-447,Produto A,1,150.0,Norte
2025-07-13,2064,CUST-388,Produto D,4,89.0,Nordeste
2025-07-13,2065,CUST-287,Produto A,1,150.0,Sudeste
2025-07-13,2066,CUST-290,Produto A,4,150.0,Norte
2025-07-13,2067,CUST-073,Produto A,1,150.0,Nordeste
2025-07-13,2068,CUST-211,Produto C,2,49.5,Nordeste
2025-07-13,2069,CUST-283,Produto D,3,89.0,Nordeste
2025-07-13,2070,CUST-105,Produto A,1,150.0,Sudeste
2025-07-13,2071,CUST-471,Produto C,1,49.5,Nordeste
2025-07-13,2072,CUST-087,Produto D,3,89.0,Sudeste
2025-07-13,2073,CUST-066,Produto A,1,150.0,Norte
2025-07-13,2074,CUST-340,Produto A,1,150.0,Norte
2025-07-13,2075,CUST-481,Produto D,1,89.0,Sul
2025-07-13,2076,CUST-250,Produto A,2,150.0,Nordeste
2025-07-13,2077,CUST-277,Produto A,2,150.0,Norte
2025-07-13,2078,CUST-363,Produto C,1,49.5,Norte
2025-07-14,2079,CUST-227,Produto C,4,49.5,Sudeste
2025-07-14,2080,CUST-040,Produto B,2,299.9,Centro-Oeste
2025-07-14,2081,CUST-200,Produto B,1,299.9,Norte
2025-07-14,2082,CUST-378,Produto D,3,89.0,Sul
2025-07-14,2083,CUST-237,Produto C,1,49.5,Centro-Oeste
2025-07-14,2084,CUST-240,Produto C,1,49.5,Centro-Oeste
2025-07-14,2085,CUST-030,Produto C,2,49.5,Centro-Oeste
2025-07-14,2086,CUST-205,Produto D,1,89.0,Nordeste
2025-07-14,2087,CUST-381,Produto B,1,299.9,Sul
2025-07-14,2088,CUST-103,Produto D,4,89.0,Norte
2025-07-14,2089,CUST-247,Produto D,1,89.0,Nordeste
2025-07-14,2090,CUST-439,Produto A,1,150.0,Norte
2025-07-14,2091,CUST-321,Produto A,4,150.0,Norte
2025-07-15,2092,CUST-493,Produto D,2,89.0,Centro-Oeste
2025-07-15,2093,CUST-017,Produto C,1,49.5,Norte
2025-07-15,2094,CUST-496,Produto B,1,299.9,Norte
2025-07-15,2095,CUST-143,Produto B,3,299.9,Sul
2025-07-15,2096,CUST-415,Produto D,1,89.0,Norte
2025-07-15,2097,CUST-470,Produto A,4,150.0,Sul
2025-07-15,2098,CUST-026,Produto A,1,150.0,Nordeste
2025-07-15,2099,CUST-448,Produto D,1,89.0,Centro-Oeste
2025-07-15,2100,CUST-014,Produto C,1,49.5,Norte
2025-07-15,2101,CUST-375,Produto D,1,89.0,Sudeste
2025-07-16,2102,CUST-403,Produto A,2,150.0,Centro-Oeste
2025-07-16,2103,CUST-432,Produto A,2,150.0,Nordeste
2025-07-16,2104,CUST-145,Produto A,1,150.0,Sul
2025-07-16,2105,CUST-288,Produto D,4,89.0,Centro-Oeste
2025-07-16,2106,CUST-368,Produto C,1,49.5,Sul
2025-07-16,2107,CUST-208,Produto A,1,150.0,Centro-Oeste
2025-07-16,2108,CUST-346,Produto D,1,89.0,Sul
2025-07-16,2109,CUST-246,Produto A,3,150.0,Centro-Oeste
2025-07-16,2110,CUST-487,Produto A,4,150.0,Norte
2025-07-16,2111,CUST-371,Produto A,3,150.0,Sudeste
2025-07-16,2112,CUST-286,Produto B,1,299.9,Centro-Oeste
2025-07-16,2113,CUST-373,Produto C,1,49.5,Sul
2025-07-16,2114,CUST-382,Produto B,2,299.9,Centro-Oeste
2025-07-16,2115,CUST-494,Produto A,3,150.0,Nordeste
2025-07-16,2116,CUST-146,Produto A,2,150.0,Nordeste
2025-07-17,2117,CUST-447,Produto A,4,150.0,Centro-Oeste
2025-07-17,2118,CUST-096,Produto A,1,150.0,Norte
2025-07-17,2119,CUST-467,Produto D,1,89.0,Norte
2025-07-17,2120,CUST-022,Produto B,2,299.9,Centro-Oeste
2025-07-17,2121,CUST-461,Produto A,1,150.0,Centro-Oeste
2025-07-17,2122,CUST-076,Produto D,1,89.0,Sudeste
2025-07-17,2123,CUST-251,Produto C,2,49.5,Norte
2025-07-17,2124,CUST-125,Produto D,1,89.0,Centro-Oeste
2025-07-17,2125,CUST-412,Produto A,1,150.0,Norte
2025-07-17,2126,CUST-074,Produto A,1,150.0,Norte
2025-07-17,2127,CUST-094,Produto D,1,89.0,Nordeste
2025-07-17,2128,CUST-116,Produto A,1,150.0,Centro-Oeste
2025-07-18,2129,CUST-391,Produto A,3,150.0,Sul
2025-07-18,2130,CUST-332,Produto A,1,150.0,Nordeste
2025-07-18,2131,CUST-331,Produto A,4,150.0,Centro-Oeste
2025-07-18,2132,CUST-187,Produto B,1,299.9,Centro-Oeste
2025-07-18,2133,CUST-491,Produto C,1,49.5,Sudeste
2025-07-18,2134,CUST-188,Produto A,1,150.0,Sudeste
2025-07-18,2135,CUST-474,Produto B,4,299.9,Nordeste
2025-07-18,2136,CUST-012,Produto A,2,150.0,Sudeste
2025-07-18,2137,CUST-465,Produto B,1,299.9,Sul
2025-07-18,2138,CUST-090,Produto A,3,150.0,Sul
2025-07-18,2139,CUST-175,Produto A,1,150.0,Sul
2025-07-18,2140,CUST-071,Produto D,1,89.0,Nordeste
2025-07-18,2141,CUST-285,Produto A,1,150.0,Sul
2025-07-19,2142,CUST-021,Produto B,1,299.9,Nordeste
2025-07-19,2143,CUST-285,Produto D,2,89.0,Sudeste
2025-07-19,2144,CUST-386,Produto A,1,150.0,Sudeste
2025-07-19,2145,CUST-438,Produto B,2,299.9,Sul
2025-07-19,2146,CUST-141,Produto A,1,150.0,Nordeste
2025-07-19,2147,CUST-022,Produto A,4,150.0,Sudeste
2025-07-19,2148,CUST-231,Produto B,1,299.9,Norte
2025-07-19,2149,CUST-239,Produto A,2,150.0,Sudeste
2025-07-19,2150,CUST-050,Produto C,1,49.5,Sudeste
2025-07-19,2151,CUST-165,Produto B,1,299.9,Centro-Oeste
2025-07-19,2152,CUST-290,Produto A,1,150.0,Sudeste
2025-07-19,2153,CUST-147,Produto A,1,150.0,Sudeste
2025-07-19,2154,CUST-441,Produto A,1,150.0,Centro-Oeste
2025-07-20,2155,CUST-372,Produto D,2,89.0,Centro-Oeste
2025-07-20,2156,CUST-352,Produto B,2,299.9,Norte
2025-07-20,2157,CUST-415,Produto D,1,89.0,Sul
2025-07-20,2158,CUST-004,Produto C,3,49.5,Sul
2025-07-20,2159,CUST-095,Produto C,1,49.5,Sudeste
2025-07-20,2160,CUST-047,Produto B,1,299.9,Norte
2025-07-20,2161,CUST-106,Produto A,2,150.0,Nordeste
2025-07-20,2162,CUST-459,Produto D,1,89.0,Nordeste
2025-07-20,2163,CUST-195,Produto D,2,89.0,Sul
2025-07-20,2164,CUST-182,Produto B,2,299.9,Norte
2025-07-20,2165,CUST-182,Produto C,2,49.5,Sudeste
2025-07-20,2166,CUST-096,Produto B,1,299.9,Norte
2025-07-20,2167,CUST-333,Produto A,2,150.0,Norte
2025-07-20,2168,CUST-246,Produto C,2,49.5,Sul
2025-07-20,2169,CUST-242,Produto A,2,150.0,Sudeste
2025-07-21,2170,CUST-346,Produto D,1,89.0,Sudeste
2025-07-21,2171,CUST-176,Produto A,1,150.0,Nordeste
2025-07-21,2172,CUST-435,Produto A,2,150.0,Norte
2025-07-21,2173,CUST-386,Produto B,1,299.9,Centro-Oeste
2025-07-21,2174,CUST-015,Produto C,4,49.5,Sul
2025-07-21,2175,CUST-359,Produto D,1,89.0,Sul
2025-07-21,2176,CUST-146,Produto B,1,299.9,Sul
2025-07-21,2177,CUST-332,Produto A,3,150.0,Nordeste
2025-07-21,2178,CUST-420,Produto A,3,150.0,Sul
2025-07-21,2179,CUST-356,Produto C,2,49.5,Sul
2025-07-21,2180,CUST-164,Produto C,1,49.5,Sul
2025-07-21,2181,CUST-123,Produto C,1,49.5,Sul
2025-07-21,2182,CUST-104,Produto A,4,150.0,Sul
2025-07-22,2183,CUST-493,Produto A,2,150.0,Norte
2025-07-22,2184,CUST-401,Produto D,1,89.0,Sudeste
2025-07-22,2185,CUST-261,Produto D,4,89.0,Nordeste
2025-07-22,2186,CUST-206,Produto A,1,150.0,Centro-Oeste
2025-07-22,2187,CUST-273,Produto A,1,150.0,Centro-Oeste
2025-07-22,2188,CUST-251,Produto B,1,299.9,Sul
2025-07-22,2189,CUST-326,Produto D,3,89.0,Sul
2025-07-22,2190,CUST-429,Produto D,1,89.0,Nordeste
2025-07-22,2191,CUST-212,Produto D,1,89.0,Norte
2025-07-22,2192,CUST-413,Produto A,1,150.0,Centro-Oeste
2025-07-23,2193,CUST-437,Produto D,1,89.0,Nordeste
2025-07-23,2194,CUST-340,Produto A,1,150.0,Sul
2025-07-23,2195,CUST-161,Produto C,1,49.5,Centro-Oeste
2025-07-23,2196,CUST-364,Produto C,1,49.5,Centro-Oeste
2025-07-23,2197,CUST-167,Produto C,2,49.5,Norte
2025-07-23,2198,CUST-173,Produto D,1,89.0,Centro-Oeste
2025-07-23,2199,CUST-086,Produto C,2,49.5,Norte
2025-07-23,2200,CUST-342,Produto A,1,150.0,Sul
2025-07-23,2201,CUST-346,Produto A,1,150.0,Nordeste
2025-07-24,2202,CUST-440,Produto C,1,49.5,Sudeste
2025-07-24,2203,CUST-207,Produto A,1,150.0,Sudeste
2025-07-24,2204,CUST-042,Produto B,1,299.9,Nordeste
2025-07-24,2205,CUST-275,Produto D,1,89.0,Centro-Oeste
2025-07-24,2206,CUST-426,Produto C,1,49.5,Norte
2025-07-24,2207,CUST-052,Produto A,4,150.0,Centro-Oeste
2025-07-24,2208,CUST-359,Produto C,1,49.5,Centro-Oeste
2025-07-24,2209,CUST-358,Produto B,1,299.9,Nordeste
2025-07-24,2210,CUST-421,Produto B,1,299.9,Sul
2025-07-25,2211,CUST-007,Produto C,1,49.5,Norte
2025-07-25,2212,CUST-215,Produto B,1,299.9,Norte
2025-07-25,2213,CUST-367,Produto C,1,49.5,Centro-Oeste
2025-07-25,2214,CUST-467,Produto B,3,299.9,Sul
2025-07-25,2215,CUST-286,Produto A,1,150.0,Centro-Oeste
2025-07-25,2216,CUST-093,Produto B,1,299.9,Sudeste
2025-07-25,2217,CUST-435,Produto D,1,89.0,Norte
2025-07-25,2218,CUST-064,Produto A,2,150.0,Sul
2025-07-25,2219,CUST-490,Produto B,1,299.9,Norte
2025-07-25,2220,CUST-169,Produto C,1,49.5,Norte
2025-07-25,2221,CUST-306,Produto A,1,150.0,Sul
2025-07-25,2222,CUST-236,Produto B,1,299.9,Norte
2025-07-25,2223,CUST-132,Produto B,1,299.9,Norte
2025-07-25,2224,CUST-071,Produto A,1,150.0,Norte
2025-07-25,2225,CUST-008,Produto C,3,49.5,Centro-Oeste
2025-07-25,2226,CUST-244,Produto B,3,299.9,Nordeste
2025-07-25,2227,CUST-146,Produto A,1,150.0,Norte
2025-07-26,2228,CUST-421,Produto B,3,299.9,Sudeste
2025-07-26,2229,CUST-432,Produto A,4,150.0,Nordeste
2025-07-26,2230,CUST-066,Produto C,3,49.5,Centro-Oeste
2025-07-26,2231,CUST-090,Produto C,3,49.5,Nordeste
2025-07-26,2232,CUST-383,Produto A,4,150.0,Norte
2025-07-26,2233,CUST-390,Produto D,4,89.0,Sul
2025-07-26,2234,CUST-101,Produto C,1,49.5,Centro-Oeste
2025-07-26,2235,CUST-426,Produto B,4,299.9,Norte
2025-07-26,2236,CUST-423,Produto B,3,299.9,Centro-Oeste
2025-07-26,2237,CUST-161,Produto D,1,89.0,Sul
2025-07-26,2238,CUST-180,Produto B,1,299.9,Nordeste
2025-07-27,2239,CUST-417,Produto B,2,299.9,Nordeste
2025-07-27,2240,CUST-068,Produto D,1,89.0,Centro-Oeste
2025-07-27,2241,CUST-093,Produto A,1,150.0,Nordeste
2025-07-27,2242,CUST-025,Produto A,1,150.0,Nordeste
2025-07-27,2243,CUST-144,Produto B,1,299.9,Centro-Oeste
2025-07-27,2244,CUST-179,Produto D,1,89.0,Sudeste
2025-07-27,2245,CUST-150,Produto C,1,49.5,Sul
2025-07-27,2246,CUST-053,Produto A,2,150.0,Nordeste
2025-07-27,2247,CUST-271,Produto B,1,299.9,Nordeste
2025-07-27,2248,CUST-339,Produto C,1,49.5,Centro-Oeste
2025-07-28,2249,CUST-349,Produto C,1,49.5,Sul
2025-07-28,2250,CUST-340,Produto B,1,299.9,Nordeste
2025-07-28,2251,CUST-045,Produto B,1,299.9,Centro-Oeste
2025-07-28,2252,CUST-496,Produto B,1,299.9,Centro-Oeste
2025-07-28,2253,CUST-327,Produto A,1,150.0,Sul
2025-07-28,2254,CUST-278,Produto A,1,150.0,Norte
2025-07-28,2255,CUST-266,Produto B,2,299.9,Norte
2025-07-28,2256,CUST-473,Produto D,3,89.0,Norte
2025-07-28,2257,CUST-154,Produto D,4,89.0,Sudeste
2025-07-28,2258,CUST-377,Produto C,2,49.5,Sudeste
2025-07-28,2259,CUST-427,Produto A,2,150.0,Sul
2025-07-28,2260,CUST-334,Produto A,4,150.0,Centro-Oeste
2025-07-28,2261,CUST-092,Produto A,2,150.0,Norte
2025-07-28,2262,CUST-232,Produto C,1,49.5,Norte
2025-07-28,2263,CUST-302,Produto C,1,49.5,Sudeste
2025-07-28,2264,CUST-392,Produto D,1,89.0,Nordeste
2025-07-28,2265,CUST-269,Produto B,4,299.9,Sul
2025-07-28,2266,CUST-367,Produto A,1,150.0,Nordeste
2025-07-29,2267,CUST-495,Produto A,1,150.0,Sudeste
2025-07-29,2268,CUST-147,Produto B,2,299.9,Centro-Oeste
2025-07-29,2269,CUST-428,Produto D,1,89.0,Sul
2025-07-29,2270,CUST-375,Produto B,2,299.9,Centro-Oeste
2025-07-29,2271,CUST-338,Produto C,1,49.5,Centro-Oeste
2025-07-29,2272,CUST-187,Produto D,1,89.0,Sudeste
2025-07-29,2273,CUST-253,Produto B,1,299.9,Sudeste
2025-07-29,2274,CUST-098,Produto A,4,150.0,Centro-Oeste
2025-07-29,2275,CUST-126,Produto C,1,49.5,Sul
2025-07-29,2276,CUST-496,Produto B,4,299.9,Sudeste
2025-07-29,2277,CUST-439,Produto C,4,49.5,Sudeste
2025-07-30,2278,CUST-134,Produto D,4,89.0,Norte
2025-07-30,2279,CUST-363,Produto B,2,299.9,Centro-Oeste
2025-07-30,2280,CUST-146,Produto B,1,299.9,Centro-Oeste
2025-07-30,2281,CUST-103,Produto C,1,49.5,Norte
2025-07-30,2282,CUST-088,Produto B,1,299.9,Nordeste
2025-07-30,2283,CUST-135,Produto C,1,49.5,Nordeste
2025-07-30,2284,CUST-137,Produto C,1,49.5,Centro-Oeste
2025-07-30,2285,CUST-090,Produto C,1,49.5,Sul
2025-07-30,2286,CUST-343,Produto B,1,299.9,Norte
2025-07-30,2287,CUST-401,Produto A,4,150.0,Sudeste
2025-07-30,2288,CUST-498,Produto C,1,49.5,Nordeste
2025-07-30,2289,CUST-038,Produto B,4,299.9,Sul
2025-07-30,2290,CUST-168,Produto A,1,150.0,Nordeste
2025-07-30,2291,CUST-152,Produto A,1,150.0,Norte
2025-07-30,2292,CUST-381,Produto A,2,150.0,Sudeste
2025-07-30,2293,CUST-484,Produto A,1,150.0,Norte
2025-07-30,2294,CUST-482,Produto A,1,150.0,Centro-Oeste
2025-07-30,2295,CUST-407,Produto D,1,89.0,Centro-Oeste
2025-07-30,2296,CUST-329,Produto B,2,299.9,Centro-Oeste
2025-07-30,2297,CUST-336,Produto C,1,49.5,Nordeste
2025-07-30,2298,CUST-345,Produto A,1,150.0,Nordeste
2025-07-30,2299,CUST-070,Produto B,1,299.9,Nordeste
2025-07-30,2300,CUST-010,Produto C,1,49.5,Nordeste
2025-07-31,2301,CUST-479,Produto A,1,150.0,Norte
2025-07-31,2302,CUST-109,Produto A,2,150.0,Norte
2025-07-31,2303,CUST-377,Produto C,4,49.5,Centro-Oeste
2025-07-31,2304,CUST-079,Produto D,1,89.0,Sudeste
2025-07-31,2305,CUST-260,Produto C,2,49.5,Sul
2025-07-31,2306,CUST-008,Produto D,2,89.0,Norte
2025-07-31,2307,CUST-478,Produto C,1,49.5,Norte
2025-07-31,2308,CUST-298,Produto A,1,150.0,Sul
2025-07-31,2309,CUST-037,Produto D,1,89.0,Sudeste
2025-07-31,2310,CUST-199,Produto A,2,150.0,Sudeste
2025-07-31,2311,CUST-151,Produto A,1,150.0,Sul
2025-07-31,2312,CUST-223,Produto B,1,299.9,Sul
2025-07-31,2313,CUST-183,Produto C,4,49.5,Sudeste
2025-07-31,2314,CUST-122,Produto A,2,150.0,Sul
2025-07-31,2315,CUST-186,Produto C,1,49.5,Centro-Oeste
2025-08-01,2316,CUST-444,Produto A,2,150.0,Centro-Oeste
2025-08-01,2317,CUST-324,Produto A,1,150.0,Norte
2025-08-01,2318,CUST-183,Produto C,1,49.5,Centro-Oeste
2025-08-01,2319,CUST-007,Produto A,2,150.0,Sudeste
2025-08-01,2320,CUST-072,Produto A,2,150.0,Centro-Oeste
2025-08-01,2321,CUST-042,Produto A,1,150.0,Centro-Oeste
2025-08-01,2322,CUST-010,Produto B,4,299.9,Centro-Oeste
2025-08-01,2323,CUST-215,Produto C,1,49.5,Nordeste
2025-08-01,2324,CUST-174,Produto D,1,89.0,Norte
2025-08-01,2325,CUST-382,Produto C,1,49.5,Centro-Oeste
2025-08-02,2326,CUST-176,Produto D,1,89.0,Nordeste
2025-08-02,2327,CUST-328,Produto B,2,299.9,Centro-Oeste
2025-08-02,2328,CUST-327,Produto D,1,89.0,Centro-Oeste
2025-08-02,2329,CUST-035,Produto A,2,150.0,Sudeste
2025-08-02,2330,CUST-001,Produto D,1,89.0,Centro-Oeste
2025-08-02,2331,CUST-087,Produto B,3,299.9,Sudeste
2025-08-02,2332,CUST-417,Produto A,3,150.0,Sul
2025-08-02,2333,CUST-187,Produto A,2,150.0,Norte
2025-08-02,2334,CUST-048,Produto C,1,49.5,Sul
2025-08-02,2335,CUST-116,Produto D,2,89.0,Centro-Oeste
2025-08-02,2336,CUST-415,Produto B,2,299.9,Sul
2025-08-02,2337,CUST-151,Produto A,1,150.0,Sudeste
2025-08-02,2338,CUST-335,Produto C,1,49.5,Nordeste
2025-08-03,2339,CUST-190,Produto D,1,89.0,Centro-Oeste
2025-08-03,2340,CUST-416,Produto D,1,89.0,Sul
2025-08-03,2341,CUST-001,Produto D,4,89.0,Sul
2025-08-03,2342,CUST-349,Produto A,1,150.0,Norte
2025-08-03,2343,CUST-415,Produto B,1,299.9,Sul
2025-08-03,2344,CUST-310,Produto A,1,150.0,Centro-Oeste
2025-08-03,2345,CUST-056,Produto B,1,299.9,Norte
2025-08-03,2346,CUST-245,Produto B,1,299.9,Sul
2025-08-04,2347,CUST-350,Produto A,4,150.0,Nordeste
2025-08-04,2348,CUST-069,Produto C,4,49.5,Sul
2025-08-04,2349,CUST-165,Produto D,1,89.0,Norte
2025-08-04,2350,CUST-322,Produto A,1,150.0,Norte
2025-08-04,2351,CUST-439,Produto A,4,150.0,Nordeste
2025-08-04,2352,CUST-018,Produto C,2,49.5,Norte
2025-08-04,2353,CUST-216,Produto C,1,49.5,Norte
2025-08-04,2354,CUST-171,Produto A,1,150.0,Centro-Oeste
2025-08-04,2355,CUST-105,Produto C,2,49.5,Nordeste
2025-08-04,2356,CUST-087,Produto C,4,49.5,Nordeste
2025-08-05,2357,CUST-113,Produto C,1,49.5,Sul
2025-08-05,2358,CUST-465,Produto B,2,299.9,Nordeste
2025-08-05,2359,CUST-286,Produto D,3,89.0,Centro-Oeste
2025-08-05,2360,CUST-071,Produto C,1,49.5,Centro-Oeste
2025-08-05,2361,CUST-193,Produto B,4,299.9,Nordeste
2025-08-05,2362,CUST-363,Produto D,1,89.0,Nordeste
2025-08-05,2363,CUST-251,Produto A,1,150.0,Norte
2025-08-05,2364,CUST-198,Produto B,4,299.9,Centro-Oeste
2025-08-05,2365,CUST-182,Produto B,3,299.9,Norte
2025-08-05,2366,CUST-470,Produto A,1,150.0,Centro-Oeste
2025-08-05,2367,CUST-062,Produto B,1,299.9,Centro-Oeste
2025-08-05,2368,CUST-126,Produto B,3,299.9,Sudeste
2025-08-05,2369,CUST-449,Produto B,1,299.9,Nordeste
2025-08-05,2370,CUST-273,Produto D,1,89.0,Nordeste
2025-08-05,2371,CUST-056,Produto A,2,150.0,Centro-Oeste
2025-08-05,2372,CUST-291,Produto A,1,150.0,Nordeste
2025-08-05,2373,CUST-477,Produto C,1,49.5,Sul
2025-08-05,2374,CUST-219,Produto A,1,150.0,Norte
2025-08-06,2375,CUST-336,Produto B,1,299.9,Nordeste
2025-08-06,2376,CUST-273,Produto A,3,150.0,Centro-Oeste
2025-08-06,2377,CUST-181,Produto D,3,89.0,Sudeste
2025-08-06,2378,CUST-452,Produto A,1,150.0,Sul
2025-08-06,2379,CUST-002,Produto C,1,49.5,Centro-Oeste
2025-08-06,2380,CUST-140,Produto A,1,150.0,Sul
2025-08-06,2381,CUST-129,Produto C,2,49.5,Sudeste
2025-08-06,2382,CUST-402,Produto A,1,150.0,Centro-Oeste
2025-08-06,2383,CUST-461,Produto A,1,150.0,Nordeste
2025-08-06,2384,CUST-097,Produto D,4,89.0,Nordeste
2025-08-06,2385,CUST-185,Produto A,1,150.0,Centro-Oeste
2025-08-06,2386,CUST-097,Produto C,1,49.5,Nordeste
2025-08-06,2387,CUST-154,Produto B,2,299.9,Sul
2025-08-06,2388,CUST-034,Produto C,2,49.5,Sul
2025-08-06,2389,CUST-314,Produto B,1,299.9,Centro-Oeste
2025-08-06,2390,CUST-001,Produto C,3,49.5,Norte
2025-08-06,2391,CUST-071,Produto B,2,299.9,Nordeste
2025-08-06,2392,CUST-126,Produto D,2,89.0,Sul
2025-08-07,2393,CUST-448,Produto D,2,89.0,Centro-Oeste
2025-08-07,2394,CUST-284,Produto D,1,89.0,Centro-Oeste
2025-08-07,2395,CUST-442,Produto A,1,150.0,Nordeste
2025-08-07,2396,CUST-271,Produto A,1,150.0,Sul
2025-08-07,2397,CUST-481,Produto A,1,150.0,Nordeste
2025-08-07,2398,CUST-117,Produto D,2,89.0,Centro-Oeste
2025-08-07,2399,CUST-145,Produto B,1,299.9,Norte
2025-08-07,2400,CUST-318,Produto A,3,150.0,Norte
2025-08-07,2401,CUST-117,Produto D,1,89.0,Norte
2025-08-07,2402,CUST-203,Produto C,1,49.5,Nordeste
2025-08-07,2403,CUST-152,Produto A,1,150.0,Sul
2025-08-07,2404,CUST-496,Produto A,3,150.0,Nordeste
2025-08-08,2405,CUST-223,Produto A,3,150.0,Sul
2025-08-08,2406,CUST-108,Produto A,1,150.0,Centro-Oeste
2025-08-08,2407,CUST-485,Produto A,1,150.0,Sudeste
2025-08-08,2408,CUST-217,Produto D,1,89.0,Nordeste
2025-08-08,2409,CUST-338,Produto C,1,49.5,Norte
2025-08-08,2410,CUST-298,Produto D,1,89.0,Norte
2025-08-08,2411,CUST-177,Produto B,1,299.9,Sudeste
2025-08-08,2412,CUST-055,Produto A,2,150.0,Norte
2025-08-08,2413,CUST-373,Produto D,4,89.0,Sudeste
2025-08-08,2414,CUST-400,Produto C,1,49.5,Sudeste
2025-08-08,2415,CUST-049,Produto A,2,150.0,Norte
2025-08-08,2416,CUST-200,Produto A,1,150.0,Nordeste
2025-08-08,2417,CUST-336,Produto C,1,49.5,Sudeste
2025-08-09,2418,CUST-026,Produto A,1,150.0,Norte
2025-08-09,2419,CUST-436,Produto A,1,150.0,Centro-Oeste
2025-08-09,2420,CUST-398,Produto B,1,299.9,Nordeste
2025-08-09,2421,CUST-044,Produto D,1,89.0,Nordeste
2025-08-09,2422,CUST-236,Produto B,2,299.9,Nordeste
2025-08-09,2423,CUST-424,Produto A,1,150.0,Sudeste
2025-08-09,2424,CUST-279,Produto A,4,150.0,Sul
2025-08-09,2425,CUST-084,Produto B,1,299.9,Nordeste
2025-08-09,2426,CUST-296,Produto D,4,89.0,Sudeste
2025-08-09,2427,CUST-162,Produto C,4,49.5,Centro-Oeste
2025-08-09,2428,CUST-192,Produto D,1,89.0,Sul
2025-08-09,2429,CUST-123,Produto A,1,150.0,Sudeste
2025-08-09,2430,CUST-262,Produto C,1,49.5,Centro-Oeste
2025-08-09,2431,CUST-304,Produto A,3,150.0,Sul
2025-08-09,2432,CUST-378,Produto B,2,299.9,Centro-Oeste
2025-08-09,2433,CUST-271,Produto C,2,49.5,Norte
2025-08-09,2434,CUST-405,Produto A,1,150.0,Nordeste
2025-08-10,2435,CUST-119,Produto A,2,150.0,Sudeste
2025-08-10,2436,CUST-401,Produto A,1,150.0,Nordeste
2025-08-10,2437,CUST-257,Produto A,1,150.0,Centro-Oeste
2025-08-10,2438,CUST-354,Produto B,2,299.9,Sul
2025-08-10,2439,CUST-338,Produto B,2,299.9,Sudeste
2025-08-10,2440,CUST-330,Produto C,4,49.5,Norte
2025-08-10,2441,CUST-267,Produto C,1,49.5,Centro-Oeste
2025-08-10,2442,CUST-002,Produto C,2,49.5,Norte
2025-08-10,2443,CUST-228,Produto B,1,299.9,Sul
2025-08-10,2444,CUST-477,Produto A,3,150.0,Sudeste
2025-08-10,2445,CUST-469,Produto B,1,299.9,Nordeste
2025-08-10,2446,CUST-216,Produto D,1,89.0,Sudeste
2025-08-10,2447,CUST-422,Produto B,1,299.9,Nordeste
2025-08-10,2448,CUST-330,Produto D,3,89.0,Sudeste
2025-08-10,2449,CUST-051,Produto D,1,89.0,Norte
2025-08-10,2450,CUST-120,Produto C,1,49.5,Nordeste
2025-08-10,2451,CUST-057,Produto D,1,89.0,Sul
2025-08-10,2452,CUST-018,Produto A,1,150.0,Centro-Oeste
2025-08-11,2453,CUST-074,Produto D,1,89.0,Centro-Oeste
2025-08-11,2454,CUST-282,Produto B,2,299.9,Nordeste
2025-08-11,2455,CUST-180,Produto B,2,299.9,Norte
2025-08-11,2456,CUST-213,Produto B,1,299.9,Norte
2025-08-11,2457,CUST-226,Produto A,1,150.0,Sul
2025-08-11,2458,CUST-246,Produto C,3,49.5,Sul
2025-08-11,2459,CUST-030,Produto C,1,49.5,Sul
2025-08-11,2460,CUST-177,Produto B,1,299.9,Sudeste
2025-08-12,2461,CUST-210,Produto C,1,49.5,Centro-Oeste
2025-08-12,2462,CUST-310,Produto B,1,299.9,Centro-Oeste
2025-08-12,2463,CUST-309,Produto A,1,150.0,Nordeste
2025-08-12,2464,CUST-410,Produto A,1,150.0,Sul
2025-08-12,2465,CUST-259,Produto B,1,299.9,Sul
2025-08-12,2466,CUST-255,Produto D,1,89.0,Nordeste
2025-08-12,2467,CUST-082,Produto A,1,150.0,Sudeste
2025-08-12,2468,CUST-127,Produto B,2,299.9,Nordeste
2025-08-12,2469,CUST-016,Produto C,4,49.5,Sudeste
2025-08-12,2470,CUST-032,Produto A,2,150.0,Norte
2025-08-12,2471,CUST-330,Produto A,1,150.0,Centro-Oeste
2025-08-12,2472,CUST-143,Produto C,1,49.5,Nordeste
2025-08-12,2473,CUST-416,Produto A,4,150.0,Sudeste
2025-08-12,2474,CUST-341,Produto A,2,150.0,Sudeste
2025-08-12,2475,CUST-026,Produto B,1,299.9,Sudeste
2025-08-12,2476,CUST-496,Produto D,4,89.0,Sul
2025-08-12,2477,CUST-151,Produto A,1,150.0,Sul
2025-08-12,2478,CUST-104,Produto D,1,89.0,Sudeste
2025-08-12,2479,CUST-300,Produto B,1,299.9,Norte
2025-08-12,2480,CUST-220,Produto B,3,299.9,Norte
2025-08-13,2481,CUST-197,Produto C,2,49.5,Centro-Oeste
2025-08-13,2482,CUST-365,Produto D,1,89.0,Nordeste
2025-08-13,2483,CUST-422,Produto C,1,49.5,Nordeste
2025-08-13,2484,CUST-200,Produto A,1,150.0,Norte
2025-08-13,2485,CUST-377,Produto D,4,89.0,Centro-Oeste
2025-08-13,2486,CUST-083,Produto A,1,150.0,Sul
2025-08-13,2487,CUST-351,Produto A,1,150.0,Sudeste
2025-08-13,2488,CUST-215,Produto C,2,49.5,Norte
2025-08-13,2489,CUST-009,Produto B,3,299.9,Centro-Oeste
2025-08-13,2490,CUST-063,Produto D,1,89.0,Centro-Oeste
2025-08-13,2491,CUST-349,Produto C,1,49.5,Sudeste
2025-08-13,2492,CUST-170,Produto C,1,49.5,Sudeste
2025-08-13,2493,CUST-234,Produto D,1,89.0,Nordeste
2025-08-13,2494,CUST-368,Produto B,2,299.9,Norte
2025-08-13,2495,CUST-246,Produto D,3,89.0,Nordeste
2025-08-14,2496,CUST-059,Produto C,1,49.5,Norte
2025-08-14,2497,CUST-049,Produto B,1,299.9,Nordeste
2025-08-14,2498,CUST-299,Produto C,2,49.5,Centro-Oeste
2025-08-14,2499,CUST-474,Produto B,4,299.9,Sudeste
2025-08-14,2500,CUST-452,Produto C,2,49.5,Centro-Oeste
2025-08-14,2501,CUST-195,Produto D,1,89.0,Sudeste
2025-08-14,2502,CUST-242,Produto C,1,49.5,Norte
2025-08-14,2503,CUST-312,Produto B,1,299.9,Sul
2025-08-14,2504,CUST-343,Produto C,3,49.5,Nordeste
2025-08-14,2505,CUST-016,Produto A,1,150.0,Sudeste
2025-08-15,2506,CUST-402,Produto B,3,299.9,Sul
2025-08-15,2507,CUST-308,Produto A,1,150.0,Sudeste
2025-08-15,2508,CUST-428,Produto D,1,89.0,Norte
2025-08-15,2509,CUST-325,Produto A,1,150.0,Nordeste
2025-08-15,2510,CUST-461,Produto A,1,150.0,Norte
2025-08-15,2511,CUST-358,Produto A,1,150.0,Nordeste
2025-08-15,2512,CUST-392,Produto B,2,299.9,Sul
2025-08-15,2513,CUST-030,Produto A,4,150.0,Sul
2025-08-15,2514,CUST-058,Produto A,1,150.0,Sul
2025-08-15,2515,CUST-296,Produto A,1,150.0,Sul
2025-08-15,2516,CUST-306,Produto B,1,299.9,Sudeste
2025-08-15,2517,CUST-446,Produto A,2,150.0,Norte
2025-08-15,2518,CUST-108,Produto B,1,299.9,Nordeste
2025-08-15,2519,CUST-071,Produto B,3,299.9,Norte
2025-08-15,2520,CUST-404,Produto B,2,299.9,Sudeste
2025-08-16,2521,CUST-093,Produto A,1,150.0,Norte
2025-08-16,2522,CUST-387,Produto D,2,89.0,Sul
2025-08-16,2523,CUST-153,Produto D,1,89.0,Centro-Oeste
2025-08-16,2524,CUST-436,Produto B,1,299.9,Sudeste
2025-08-16,2525,CUST-373,Produto A,3,150.0,Centro-Oeste
2025-08-16,2526,CUST-322,Produto C,4,49.5,Norte
2025-08-16,2527,CUST-042,Produto D,2,89.0,Nordeste
2025-08-16,2528,CUST-431,Produto D,2,89.0,Centro-Oeste
2025-08-16,2529,CUST-017,Produto B,2,299.9,Centro-Oeste
2025-08-16,2530,CUST-455,Produto A,3,150.0,Centro-Oeste
2025-08-16,2531,CUST-388,Produto B,1,299.9,Sul
2025-08-16,2532,CUST-196,Produto D,3,89.0,Sudeste
2025-08-16,2533,CUST-152,Produto C,1,49.5,Centro-Oeste
2025-08-16,2534,CUST-211,Produto C,1,49.5,Norte
2025-08-16,2535,CUST-099,Produto C,1,49.5,Centro-Oeste
2025-08-17,2536,CUST-433,Produto B,2,299.9,Sul
2025-08-17,2537,CUST-315,Produto C,1,49.5,Centro-Oeste
2025-08-17,2538,CUST-368,Produto A,1,150.0,Nordeste
2025-08-17,2539,CUST-167,Produto D,1,89.0,Nordeste
2025-08-17,2540,CUST-327,Produto D,1,89.0,Nordeste
2025-08-17,2541,CUST-393,Produto B,1,299.9,Centro-Oeste
2025-08-17,2542,CUST-035,Produto D,1,89.0,Centro-Oeste
2025-08-17,2543,CUST-167,Produto B,1,299.9,Sudeste
2025-08-17,2544,CUST-194,Produto D,1,89.0,Sudeste
2025-08-17,2545,CUST-381,Produto B,2,299.9,Sudeste
2025-08-17,2546,CUST-001,Produto A,1,150.0,Norte
2025-08-17,2547,CUST-133,Produto C,1,49.5,Nordeste
2025-08-17,2548,CUST-396,Produto C,1,49.5,Sudeste
2025-08-17,2549,CUST-122,Produto B,2,299.9,Sudeste
2025-08-17,2550,CUST-479,Produto C,1,49.5,Norte
2025-08-18,2551,CUST-486,Produto B,1,299.9,Nordeste
2025-08-18,2552,CUST-044,Produto D,1,89.0,Nordeste
2025-08-18,2553,CUST-498,Produto C,3,49.5,Sul
2025-08-18,2554,CUST-051,Produto A,4,150.0,Nordeste
2025-08-18,2555,CUST-007,Produto A,1,150.0,Norte
2025-08-18,2556,CUST-231,Produto A,3,150.0,Nordeste
2025-08-18,2557,CUST-325,Produto C,1,49.5,Centro-Oeste
2025-08-18,2558,CUST-211,Produto C,1,49.5,Sul
2025-08-18,2559,CUST-483,Produto A,3,150.0,Centro-Oeste
2025-08-18,2560,CUST-479,Produto D,1,89.0,Centro-Oeste
2025-08-18,2561,CUST-324,Produto A,1,150.0,Sul
2025-08-18,2562,CUST-420,Produto C,1,49.5,Norte
2025-08-18,2563,CUST-258,Produto A,1,150.0,Norte
2025-08-18,2564,CUST-348,Produto A,1,150.0,Sudeste
2025-08-18,2565,CUST-439,Produto C,2,49.5,Centro-Oeste
2025-08-18,2566,CUST-216,Produto D,3,89.0,Sudeste
2025-08-18,2567,CUST-297,Produto D,3,89.0,Sul
2025-08-18,2568,CUST-120,Produto A,1,150.0,Sul
2025-08-18,2569,CUST-035,Produto B,1,299.9,Sul
2025-08-18,2570,CUST-382,Produto B,1,299.9,Centro-Oeste
2025-08-19,2571,CUST-237,Produto C,1,49.5,Centro-Oeste
2025-08-19,2572,CUST-447,Produto B,1,299.9,Norte
2025-08-19,2573,CUST-464,Produto B,1,299.9,Nordeste
2025-08-19,2574,CUST-045,Produto B,1,299.9,Norte
2025-08-19,2575,CUST-238,Produto D,2,89.0,Centro-Oeste
2025-08-19,2576,CUST-089,Produto C,3,49.5,Sudeste
2025-08-19,2577,CUST-049,Produto B,1,299.9,Sul
2025-08-19,2578,CUST-487,Produto C,1,49.5,Sul
2025-08-19,2579,CUST-478,Produto D,1,89.0,Sul
2025-08-19,2580,CUST-123,Produto B,1,299.9,Nordeste
2025-08-19,2581,CUST-016,Produto C,2,49.5,Norte
2025-08-19,2582,CUST-002,Produto A,1,150.0,Sudeste
2025-08-19,2583,CUST-325,Produto B,1,299.9,Centro-Oeste
2025-08-19,2584,CUST-148,Produto C,3,49.5,Sul
2025-08-19,2585,CUST-493,Produto C,1,49.5,Nordeste
2025-08-19,2586,CUST-047,Produto A,1,150.0,Nordeste
2025-08-19,2587,CUST-226,Produto A,1,150.0,Sudeste
2025-08-19,2588,CUST-393,Produto D,1,89.0,Centro-Oeste
2025-08-19,2589,CUST-179,Produto D,3,89.0,Nordeste
2025-08-19,2590,CUST-372,Produto B,1,299.9,Sul
2025-08-19,2591,CUST-411,Produto C,4,49.5,Centro-Oeste
2025-08-20,2592,CUST-459,Produto B,1,299.9,Sudeste
2025-08-20,2593,CUST-291,Produto C,3,49.5,Centro-Oeste
2025-08-20,2594,CUST-043,Produto C,4,49.5,Norte
2025-08-20,2595,CUST-386,Produto B,1,299.9,Centro-Oeste
2025-08-20,2596,CUST-069,Produto D,2,89.0,Nordeste
2025-08-20,2597,CUST-415,Produto D,1,89.0,Sul
2025-08-20,2598,CUST-049,Produto C,1,49.5,Sul
2025-08-20,2599,CUST-458,Produto B,4,299.9,Centro-Oeste
2025-08-20,2600,CUST-493,Produto C,3,49.5,Sul
2025-08-20,2601,CUST-072,Produto C,1,49.5,Nordeste
2025-08-20,2602,CUST-144,Produto B,2,299.9,Norte
2025-08-21,2603,CUST-149,Produto D,1,89.0,Centro-Oeste
2025-08-21,2604,CUST-186,Produto D,2,89.0,Nordeste
2025-08-21,2605,CUST-395,Produto C,1,49.5,Norte
2025-08-21,2606,CUST-200,Produto B,1,299.9,Sul
2025-08-21,2607,CUST-264,Produto D,3,89.0,Sudeste
2025-08-21,2608,CUST-093,Produto D,1,89.0,Norte
2025-08-21,2609,CUST-394,Produto B,1,299.9,Nordeste
2025-08-21,2610,CUST-365,Produto C,1,49.5,Sudeste
2025-08-21,2611,CUST-232,Produto A,1,150.0,Norte
2025-08-21,2612,CUST-225,Produto A,1,150.0,Sul
2025-08-21,2613,CUST-216,Produto B,1,299.9,Centro-Oeste
2025-08-21,2614,CUST-427,Produto D,1,89.0,Norte
2025-08-21,2615,CUST-389,Produto D,2,89.0,Sul
2025-08-21,2616,CUST-283,Produto D,2,89.0,Norte
2025-08-21,2617,CUST-373,Produto C,1,49.5,Norte
2025-08-21,2618,CUST-436,Produto C,1,49.5,Nordeste
2025-08-22,2619,CUST-066,Produto C,1,49.5,Sul
2025-08-22,2620,CUST-204,Produto A,2,150.0,Nordeste
2025-08-22,2621,CUST-065,Produto C,1,49.5,Sudeste
2025-08-22,2622,CUST-116,Produto A,1,150.0,Sul
2025-08-22,2623,CUST-046,Produto D,1,89.0,Centro-Oeste
2025-08-22,2624,CUST-301,Produto C,1,49.5,Sudeste
2025-08-22,2625,CUST-035,Produto D,1,89.0,Nordeste
2025-08-22,2626,CUST-465,Produto D,1,89.0,Centro-Oeste
2025-08-22,2627,CUST-482,Produto A,3,150.0,Norte
2025-08-22,2628,CUST-068,Produto C,2,49.5,Centro-Oeste
2025-08-22,2629,CUST-075,Produto B,1,299.9,Nordeste
2025-08-22,2630,CUST-178,Produto A,1,150.0,Nordeste
2025-08-22,2631,CUST-204,Produto B,1,299.9,Centro-Oeste
2025-08-23,2632,CUST-276,Produto D,1,89.0,Sudeste
2025-08-23,2633,CUST-333,Produto B,4,299.9,Sudeste
2025-08-23,2634,CUST-439,Produto A,1,150.0,Sudeste
2025-08-23,2635,CUST-325,Produto A,1,150.0,Norte
2025-08-23,2636,CUST-109,Produto A,1,150.0,Centro-Oeste
2025-08-23,2637,CUST-068,Produto A,1,150.0,Sudeste
2025-08-23,2638,CUST-464,Produto D,3,89.0,Nordeste
2025-08-23,2639,CUST-100,Produto C,1,49.5,Sul
2025-08-23,2640,CUST-310,Produto C,2,49.5,Sul
2025-08-24,2641,CUST-101,Produto B,1,299.9,Norte
2025-08-24,2642,CUST-353,Produto A,1,150.0,Centro-Oeste
2025-08-24,2643,CUST-468,Produto D,2,89.0,Centro-Oeste
2025-08-24,2644,CUST-229,Produto A,1,150.0,Centro-Oeste
2025-08-24,2645,CUST-391,Produto D,1,89.0,Sul
2025-08-24,2646,CUST-337,Produto A,1,150.0,Sul
2025-08-24,2647,CUST-337,Produto A,1,150.0,Centro-Oeste
2025-08-24,2648,CUST-417,Produto D,1,89.0,Norte
2025-08-24,2649,CUST-029,Produto B,3,299.9,Norte
2025-08-24,2650,CUST-157,Produto C,2,49.5,Nordeste
2025-08-24,2651,CUST-441,Produto C,1,49.5,Nordeste
2025-08-25,2652,CUST-255,Produto A,1,150.0,Nordeste
2025-08-25,2653,CUST-486,Produto A,1,150.0,Norte
2025-08-25,2654,CUST-092,Produto A,1,150.0,Norte
2025-08-25,2655,CUST-236,Produto A,1,150.0,Nordeste
2025-08-25,2656,CUST-137,Produto C,4,49.5,Sul
2025-08-25,2657,CUST-030,Produto A,2,150.0,Centro-Oeste
2025-08-25,2658,CUST-185,Produto A,2,150.0,Nordeste
2025-08-25,2659,CUST-062,Produto A,1,150.0,Nordeste
2025-08-25,2660,CUST-141,Produto B,1,299.9,Centro-Oeste
2025-08-25,2661,CUST-130,Produto D,1,89.0,Norte
2025-08-25,2662,CUST-047,Produto A,1,150.0,Sudeste
2025-08-25,2663,CUST-058,Produto D,1,89.0,Sul
2025-08-25,2664,CUST-383,Produto A,2,150.0,Centro-Oeste
2025-08-25,2665,CUST-397,Produto B,2,299.9,Centro-Oeste
2025-08-25,2666,CUST-198,Produto A,2,150.0,Sul
2025-08-25,2667,CUST-204,Produto C,1,49.5,Nordeste
2025-08-25,2668,CUST-474,Produto B,2,299.9,Nordeste
2025-08-25,2669,CUST-046,Produto A,2,150.0,Sudeste
2025-08-25,2670,CUST-491,Produto C,1,49.5,Nordeste
2025-08-25,2671,CUST-313,Produto C,1,49.5,Nordeste
2025-08-26,2672,CUST-207,Produto C,2,49.5,Centro-Oeste
2025-08-26,2673,CUST-040,Produto A,2,150.0,Centro-Oeste
2025-08-26,2674,CUST-384,Produto C,1,49.5,Centro-Oeste
2025-08-26,2675,CUST-169,Produto A,2,150.0,Sudeste
2025-08-26,2676,CUST-367,Produto A,3,150.0,Norte
2025-08-26,2677,CUST-072,Produto D,1,89.0,Sudeste
2025-08-26,2678,CUST-177,Produto A,2,150.0,Sul
2025-08-26,2679,CUST-412,Produto B,1,299.9,Sul
2025-08-26,2680,CUST-018,Produto C,1,49.5,Centro-Oeste
2025-08-26,2681,CUST-039,Produto A,2,150.0,Sul
2025-08-26,2682,CUST-422,Produto B,1,299.9,Norte
2025-08-26,2683,CUST-166,Produto A,3,150.0,Nordeste
2025-08-26,2684,CUST-072,Produto A,1,150.0,Norte
2025-08-26,2685,CUST-186,Produto C,1,49.5,Sul
2025-08-26,2686,CUST-423,Produto D,1,89.0,Nordeste
2025-08-26,2687,CUST-151,Produto D,2,89.0,Centro-Oeste
2025-08-26,2688,CUST-141,Produto B,1,299.9,Norte
2025-08-26,2689,CUST-009,Produto B,1,299.9,Centro-Oeste
2025-08-26,2690,CUST-226,Produto A,1,150.0,Sul
2025-08-26,2691,CUST-490,Produto C,1,49.5,Centro-Oeste
2025-08-26,2692,CUST-403,Produto D,2,89.0,Norte
2025-08-26,2693,CUST-460,Produto A,4,150.0,Sudeste
2025-08-26,2694,CUST-453,Produto C,1,49.5,Sudeste
2025-08-26,2695,CUST-210,Produto D,1,89.0,Sul
2025-08-26,2696,CUST-173,Produto A,1,150.0,Sul
2025-08-27,2697,CUST-174,Produto B,4,299.9,Nordeste
2025-08-27,2698,CUST-351,Produto D,2,89.0,Sudeste
2025-08-27,2699,CUST-433,Produto A,1,150.0,Nordeste
2025-08-27,2700,CUST-152,Produto D,1,89.0,Nordeste
2025-08-27,2701,CUST-232,Produto A,2,150.0,Centro-Oeste
2025-08-27,2702,CUST-304,Produto A,1,150.0,Norte
2025-08-27,2703,CUST-402,Produto A,2,150.0,Nordeste
2025-08-27,2704,CUST-321,Produto B,2,299.9,Norte
2025-08-27,2705,CUST-356,Produto B,4,299.9,Sudeste
2025-08-27,2706,CUST-168,Produto A,2,150.0,Centro-Oeste
2025-08-27,2707,CUST-450,Produto B,1,299.9,Sudeste
2025-08-27,2708,CUST-393,Produto A,3,150.0,Sul
2025-08-27,2709,CUST-497,Produto D,1,89.0,Centro-Oeste
2025-08-27,2710,CUST-115,Produto B,4,299.9,Sul
2025-08-28,2711,CUST-027,Produto A,1,150.0,Norte
2025-08-28,2712,CUST-058,Produto D,2,89.0,Sul
2025-08-28,2713,CUST-020,Produto A,1,150.0,Sul
2025-08-28,2714,CUST-025,Produto B,1,299.9,Nordeste
2025-08-28,2715,CUST-323,Produto B,2,299.9,Norte
2025-08-28,2716,CUST-403,Produto C,1,49.5,Sul
2025-08-28,2717,CUST-291,Produto C,1,49.5,Centro-Oeste
2025-08-28,2718,CUST-185,Produto B,1,299.9,Sul
2025-08-28,2719,CUST-468,Produto D,3,89.0,Sul
2025-08-28,2720,CUST-200,Produto B,1,299.9,Norte
2025-08-28,2721,CUST-372,Produto B,2,299.9,Nordeste
2025-08-28,2722,CUST-430,Produto B,3,299.9,Norte
2025-08-28,2723,CUST-137,Produto D,2,89.0,Sudeste
2025-08-28,2724,CUST-077,Produto A,1,150.0,Nordeste
2025-08-28,2725,CUST-497,Produto D,4,89.0,Sudeste
2025-08-28,2726,CUST-330,Produto C,1,49.5,Norte
2025-08-28,2727,CUST-090,Produto D,1,89.0,Sudeste
2025-08-28,2728,CUST-474,Produto A,1,150.0,Centro-Oeste
2025-08-28,2729,CUST-289,Produto C,2,49.5,Norte
2025-08-28,2730,CUST-491,Produto D,4,89.0,Norte
2025-08-28,2731,CUST-158,Produto D,1,89.0,Sudeste
2025-08-28,2732,CUST-466,Produto D,1,89.0,Sul
2025-08-28,2733,CUST-073,Produto B,3,299.9,Nordeste
2025-08-28,2734,CUST-019,Produto B,1,299.9,Norte
2025-08-28,2735,CUST-034,Produto A,2,150.0,Sul
